time,timestamp,longitude,latitude,z,sea_surface_height_above_sea_level
2018-09-05T21:00:00Z,1536181200,,,0,0.4785
2018-09-05T22:00:00Z,1536184800,,,0,0.442
2018-09-05T23:00:00Z,1536188400,,,0,0.4968
2018-09-06T01:00:00Z,1536195600,,,0,0.5456
2018-09-06T02:00:00Z,1536199200,,,0,0.5761
2018-09-06T03:00:00Z,1536202800,,,0,0.5456
2018-09-06T04:00:00Z,1536206400,,,0,0.5029
2018-09-06T05:00:00Z,1536210000,,,0,0.5182
2018-09-06T06:00:00Z,1536213600,,,0,0.4999
2018-09-06T07:00:00Z,1536217200,,,0,0.4694
2018-09-06T09:00:00Z,1536224400,,,0,0.4572
2018-09-06T10:00:00Z,1536228000,,,0,0.4298
2018-09-06T11:00:00Z,1536231600,,,0,0.4023
2018-09-06T12:00:00Z,1536235200,,,0,1.3167
2018-09-06T13:00:00Z,1536238800,,,0,0.3566
2018-09-06T15:00:00Z,1536246000,,,0,0.2926
2018-09-06T16:00:00Z,1536249600,,,0,0.2347
2018-09-06T17:00:00Z,1536253200,,,0,0.2073
2018-09-06T18:00:00Z,1536256800,,,0,0.192
2018-09-06T20:00:00Z,1536264000,,,0,0.1524
2018-09-06T21:00:00Z,1536267600,,,0,0.1189
2018-09-06T22:00:00Z,1536271200,,,0,0.1128
2018-09-06T23:00:00Z,1536274800,,,0,0.128
2018-09-07T00:00:00Z,1536278400,,,0,0.1524
2018-09-07T01:00:00Z,1536282000,,,0,0.189
2018-09-07T02:00:00Z,1536285600,,,0,0.2164
2018-09-07T03:00:00Z,1536289200,,,0,0.2073
2018-09-07T04:00:00Z,1536292800,,,0,0.1859
2018-09-07T05:00:00Z,1536296400,,,0,0.1524
2018-09-07T06:00:00Z,1536300000,,,0,0.1494
2018-09-07T07:00:00Z,1536303600,,,0,0.0914
2018-09-07T08:00:00Z,1536307200,,,0,0.0366
2018-09-07T09:00:00Z,1536310800,,,0,-0.003
2018-09-07T10:00:00Z,1536314400,,,0,-0.0366
2018-09-07T11:00:00Z,1536318000,,,0,-0.0244
2018-09-07T12:00:00Z,1536321600,,,0,-0.0213
2018-09-07T13:00:00Z,1536325200,,,0,-0.0122
2018-09-07T14:00:00Z,1536328800,,,0,0.0061
2018-09-07T15:00:00Z,1536332400,,,0,0
2018-09-07T16:00:00Z,1536336000,,,0,-0.0335
2018-09-07T17:00:00Z,1536339600,,,0,-0.0549
2018-09-07T18:00:00Z,1536343200,,,0,-0.0945
2018-09-07T19:00:00Z,1536346800,,,0,-0.0884
2018-09-07T20:00:00Z,1536350400,,,0,-0.0975
2018-09-07T21:00:00Z,1536354000,,,0,-0.0945
2018-09-07T22:00:00Z,1536357600,,,0,-0.0792
2018-09-07T23:00:00Z,1536361200,,,0,-0.064
2018-09-08T01:00:00Z,1536368400,,,0,0.0091
2018-09-08T02:00:00Z,1536372000,,,0,0.0701
2018-09-08T03:00:00Z,1536375600,,,0,0.1036
2018-09-08T04:00:00Z,1536379200,,,0,0.0975
2018-09-08T05:00:00Z,1536382800,,,0,0.0396
2018-09-08T06:00:00Z,1536386400,,,0,0.0091
2018-09-08T07:00:00Z,1536390000,,,0,-0.0091
2018-09-08T08:00:00Z,1536393600,,,0,-0.0396
2018-09-08T09:00:00Z,1536397200,,,0,-0.0488
2018-09-08T10:00:00Z,1536400800,,,0,-0.0427
2018-09-08T11:00:00Z,1536404400,,,0,-0.0274
2018-09-08T12:00:00Z,1536408000,,,0,-0.0091
2018-09-08T13:00:00Z,1536411600,,,0,0.0305
2018-09-08T14:00:00Z,1536415200,,,0,0.0884
2018-09-08T15:00:00Z,1536418800,,,0,0.125
2018-09-08T16:00:00Z,1536422400,,,0,0.128
2018-09-08T17:00:00Z,1536426000,,,0,0.1524
2018-09-08T18:00:00Z,1536429600,,,0,0.128
2018-09-08T19:00:00Z,1536433200,,,0,0.0823
2018-09-08T20:00:00Z,1536436800,,,0,0.0366
2018-09-08T21:00:00Z,1536440400,,,0,0.0091
2018-09-08T22:00:00Z,1536444000,,,0,-0.0152
2018-09-08T23:00:00Z,1536447600,,,0,0
2018-09-09T00:00:00Z,1536451200,,,0,0.0335
2018-09-09T01:00:00Z,1536454800,,,0,0.0549
2018-09-09T02:00:00Z,1536458400,,,0,0.1006
2018-09-09T03:00:00Z,1536462000,,,0,0.1402
2018-09-09T04:00:00Z,1536465600,,,0,0.1646
2018-09-09T05:00:00Z,1536469200,,,0,0.1951
2018-09-09T06:00:00Z,1536472800,,,0,0.1859
2018-09-09T07:00:00Z,1536476400,,,0,0.1554
2018-09-09T08:00:00Z,1536480000,,,0,0.1158
2018-09-09T09:00:00Z,1536483600,,,0,0.1128
2018-09-09T10:00:00Z,1536487200,,,0,0.1372
2018-09-09T11:00:00Z,1536490800,,,0,0.1554
2018-09-09T12:00:00Z,1536494400,,,0,0.1707
2018-09-09T13:00:00Z,1536498000,,,0,0.2073
2018-09-09T14:00:00Z,1536501600,,,0,0.2286
2018-09-09T15:00:00Z,1536505200,,,0,0.2682
2018-09-09T16:00:00Z,1536508800,,,0,0.2987
2018-09-09T17:00:00Z,1536512400,,,0,0.2926
2018-09-09T18:00:00Z,1536516000,,,0,0.2256
2018-09-09T19:00:00Z,1536519600,,,0,0.1676
2018-09-09T20:00:00Z,1536523200,,,0,0.1402
2018-09-09T21:00:00Z,1536526800,,,0,0.1158
2018-09-09T22:00:00Z,1536530400,,,0,0.0579
2018-09-09T23:00:00Z,1536534000,,,0,0.0335
2018-09-10T00:00:00Z,1536537600,,,0,0.0183
2018-09-10T01:00:00Z,1536541200,,,0,0.0366
2018-09-10T02:00:00Z,1536544800,,,0,0.064
2018-09-10T03:00:00Z,1536548400,,,0,0.1128
2018-09-10T04:00:00Z,1536552000,,,0,0.1524
2018-09-10T05:00:00Z,1536555600,,,0,0.1676
2018-09-10T06:00:00Z,1536559200,,,0,0.1798
2018-09-10T07:00:00Z,1536562800,,,0,0.1494
2018-09-10T08:00:00Z,1536566400,,,0,0.0914
2018-09-10T09:00:00Z,1536570000,,,0,0.0792
2018-09-10T10:00:00Z,1536573600,,,0,0.0671
2018-09-10T11:00:00Z,1536577200,,,0,0.0518
2018-09-10T12:00:00Z,1536580800,,,0,0.0457
2018-09-10T13:00:00Z,1536584400,,,0,0.0701
2018-09-10T14:00:00Z,1536588000,,,0,0.0975
2018-09-10T15:00:00Z,1536591600,,,0,0.1341
2018-09-10T16:00:00Z,1536595200,,,0,0.1707
2018-09-10T17:00:00Z,1536598800,,,0,0.189
2018-09-10T18:00:00Z,1536602400,,,0,0.1524
2018-09-10T19:00:00Z,1536606000,,,0,0.1036
2018-09-10T20:00:00Z,1536609600,,,0,0.0488
2018-09-10T21:00:00Z,1536613200,,,0,0
2018-09-10T22:00:00Z,1536616800,,,0,-0.0305
2018-09-10T23:00:00Z,1536620400,,,0,-0.0671
2018-09-11T01:00:00Z,1536627600,,,0,-0.0762
2018-09-11T02:00:00Z,1536631200,,,0,-0.0488
2018-09-11T03:00:00Z,1536634800,,,0,0.003
2018-09-11T04:00:00Z,1536638400,,,0,0.061
2018-09-11T05:00:00Z,1536642000,,,0,0.1036
2018-09-11T06:00:00Z,1536645600,,,0,0.1402
2018-09-11T07:00:00Z,1536649200,,,0,0.1372
2018-09-11T08:00:00Z,1536652800,,,0,0.1067
2018-09-11T09:00:00Z,1536656400,,,0,0.0671
2018-09-11T10:00:00Z,1536660000,,,0,0.0579
2018-09-11T11:00:00Z,1536663600,,,0,0.0305
2018-09-11T12:00:00Z,1536667200,,,0,0.0518
2018-09-11T13:00:00Z,1536670800,,,0,0.0457
2018-09-11T14:00:00Z,1536674400,,,0,0.064
2018-09-11T15:00:00Z,1536678000,,,0,0.1036
2018-09-11T16:00:00Z,1536681600,,,0,0.1768
2018-09-11T17:00:00Z,1536685200,,,0,0.189
2018-09-11T18:00:00Z,1536688800,,,0,0.1981
2018-09-11T19:00:00Z,1536692400,,,0,0.1646
2018-09-11T20:00:00Z,1536696000,,,0,0.1402
2018-09-11T21:00:00Z,1536699600,,,0,0.0701
2018-09-11T22:00:00Z,1536703200,,,0,0.0152
2018-09-11T23:00:00Z,1536706800,,,0,0.0061
2018-09-12T00:00:00Z,1536710400,,,0,0.003
2018-09-12T01:00:00Z,1536714000,,,0,0.0183
2018-09-12T02:00:00Z,1536717600,,,0,0.0732
2018-09-12T03:00:00Z,1536721200,,,0,0.128
2018-09-12T04:00:00Z,1536724800,,,0,0.1951
2018-09-12T05:00:00Z,1536728400,,,0,0.2743
2018-09-12T06:00:00Z,1536732000,,,0,0.317
2018-09-12T07:00:00Z,1536735600,,,0,0.3475
2018-09-12T08:00:00Z,1536739200,,,0,0.3688
2018-09-12T09:00:00Z,1536742800,,,0,0.3018
2018-09-12T10:00:00Z,1536746400,,,0,0.3048
2018-09-12T11:00:00Z,1536750000,,,0,0.2591
2018-09-12T12:00:00Z,1536753600,,,0,0.2286
2018-09-12T13:00:00Z,1536757200,,,0,0.1768
2018-09-12T14:00:00Z,1536760800,,,0,0.2225
2018-09-12T15:00:00Z,1536764400,,,0,0.253
2018-09-12T16:00:00Z,1536768000,,,0,0.3414
2018-09-12T17:00:00Z,1536771600,,,0,0.32
2018-09-12T18:00:00Z,1536775200,,,0,0.3536
2018-09-12T19:00:00Z,1536778800,,,0,0.3018
2018-09-12T20:00:00Z,1536782400,,,0,0.2896
2018-09-12T21:00:00Z,1536786000,,,0,0.2347
2018-09-12T22:00:00Z,1536789600,,,0,0.1859
2018-09-12T23:00:00Z,1536793200,,,0,0.1524
2018-09-13T00:00:00Z,1536796800,,,0,0.128
2018-09-13T01:00:00Z,1536800400,,,0,0.0975
2018-09-13T02:00:00Z,1536804000,,,0,0.1067
2018-09-13T03:00:00Z,1536807600,,,0,0.1158
2018-09-13T04:00:00Z,1536811200,,,0,0.1646
2018-09-13T05:00:00Z,1536814800,,,0,0.2286
2018-09-13T06:00:00Z,1536818400,,,0,0.2408
2018-09-13T07:00:00Z,1536822000,,,0,0.2377
2018-09-13T08:00:00Z,1536825600,,,0,0.2347
2018-09-13T09:00:00Z,1536829200,,,0,0.1981
2018-09-13T10:00:00Z,1536832800,,,0,0.1524
2018-09-13T11:00:00Z,1536836400,,,0,0.1372
2018-09-13T12:00:00Z,1536840000,,,0,0.1494
2018-09-13T13:00:00Z,1536843600,,,0,0.1585
2018-09-13T14:00:00Z,1536847200,,,0,0.1219
2018-09-13T15:00:00Z,1536850800,,,0,0.1158
2018-09-13T16:00:00Z,1536854400,,,0,0.1707
2018-09-13T17:00:00Z,1536858000,,,0,0.2256
2018-09-13T18:00:00Z,1536861600,,,0,0.2469
2018-09-13T19:00:00Z,1536865200,,,0,0.2408
2018-09-13T20:00:00Z,1536868800,,,0,0.2042
2018-09-13T21:00:00Z,1536872400,,,0,0.1433
2018-09-13T22:00:00Z,1536876000,,,0,0.0945
2018-09-13T23:00:00Z,1536879600,,,0,0.0366
2018-09-14T01:00:00Z,1536886800,,,0,-0.0396
2018-09-14T02:00:00Z,1536890400,,,0,-0.0732
2018-09-14T03:00:00Z,1536894000,,,0,-0.0823
2018-09-14T04:00:00Z,1536897600,,,0,-0.0366
2018-09-14T05:00:00Z,1536901200,,,0,0.0213
2018-09-14T06:00:00Z,1536904800,,,0,0.0579
2018-09-14T07:00:00Z,1536908400,,,0,0.1097
2018-09-14T08:00:00Z,1536912000,,,0,0.1372
2018-09-14T09:00:00Z,1536915600,,,0,0.1341
2018-09-14T10:00:00Z,1536919200,,,0,0.1036
2018-09-14T11:00:00Z,1536922800,,,0,0.0549
2018-09-14T12:00:00Z,1536926400,,,0,0.0152
2018-09-14T13:00:00Z,1536930000,,,0,-0.0488
2018-09-14T14:00:00Z,1536933600,,,0,-0.0792
2018-09-14T15:00:00Z,1536937200,,,0,-0.1189
2018-09-14T16:00:00Z,1536940800,,,0,-0.125
2018-09-14T17:00:00Z,1536944400,,,0,-0.0884
2018-09-14T18:00:00Z,1536948000,,,0,-0.0518
2018-09-14T19:00:00Z,1536951600,,,0,-0.0366
2018-09-14T20:00:00Z,1536955200,,,0,-0.0244
2018-09-14T21:00:00Z,1536958800,,,0,-0.0457
2018-09-14T22:00:00Z,1536962400,,,0,-0.061
2018-09-14T23:00:00Z,1536966000,,,0,-0.1158
2018-09-15T00:00:00Z,1536969600,,,0,-0.1798
2018-09-15T01:00:00Z,1536973200,,,0,-0.1707
2018-09-15T02:00:00Z,1536976800,,,0,-0.2073
2018-09-15T03:00:00Z,1536980400,,,0,-0.189
2018-09-15T04:00:00Z,1536984000,,,0,-0.1646
2018-09-15T05:00:00Z,1536987600,,,0,-0.1036
2018-09-15T06:00:00Z,1536991200,,,0,-0.0366
2018-09-15T07:00:00Z,1536994800,,,0,0.0274
2018-09-15T08:00:00Z,1536998400,,,0,0.0823
2018-09-15T09:00:00Z,1537002000,,,0,0.1036
2018-09-15T10:00:00Z,1537005600,,,0,0.1097
2018-09-15T11:00:00Z,1537009200,,,0,0.0853
2018-09-15T12:00:00Z,1537012800,,,0,0.0457
2018-09-15T13:00:00Z,1537016400,,,0,0.0183
2018-09-15T14:00:00Z,1537020000,,,0,-0.0305
2018-09-15T15:00:00Z,1537023600,,,0,-0.0823
2018-09-15T16:00:00Z,1537027200,,,0,-0.1036
2018-09-15T17:00:00Z,1537030800,,,0,-0.1189
2018-09-15T18:00:00Z,1537034400,,,0,-0.0975
2018-09-15T19:00:00Z,1537038000,,,0,-0.1128
2018-09-15T20:00:00Z,1537041600,,,0,-0.1219
2018-09-15T21:00:00Z,1537045200,,,0,-0.1311
2018-09-15T22:00:00Z,1537048800,,,0,-0.1554
2018-09-15T23:00:00Z,1537052400,,,0,-0.1646
2018-09-16T00:00:00Z,1537056000,,,0,-0.1951
2018-09-16T01:00:00Z,1537059600,,,0,-0.2134
2018-09-16T02:00:00Z,1537063200,,,0,-0.2316
2018-09-16T03:00:00Z,1537066800,,,0,-0.2225
2018-09-16T04:00:00Z,1537070400,,,0,-0.2042
2018-09-16T05:00:00Z,1537074000,,,0,-0.1554
2018-09-16T06:00:00Z,1537077600,,,0,-0.0945
2018-09-16T07:00:00Z,1537081200,,,0,-0.0335
2018-09-16T08:00:00Z,1537084800,,,0,0.0274
2018-09-16T09:00:00Z,1537088400,,,0,0.0701
2018-09-16T10:00:00Z,1537092000,,,0,0.0671
2018-09-16T11:00:00Z,1537095600,,,0,0.0671
2018-09-16T12:00:00Z,1537099200,,,0,0.0366
2018-09-16T13:00:00Z,1537102800,,,0,-0.0244
2018-09-16T14:00:00Z,1537106400,,,0,-0.0366
2018-09-16T15:00:00Z,1537110000,,,0,-0.0457
2018-09-16T16:00:00Z,1537113600,,,0,-0.0792
2018-09-16T17:00:00Z,1537117200,,,0,-0.1128
2018-09-16T18:00:00Z,1537120800,,,0,-0.0945
2018-09-16T19:00:00Z,1537124400,,,0,-0.064
2018-09-16T20:00:00Z,1537128000,,,0,-0.0305
2018-09-16T21:00:00Z,1537131600,,,0,-0.003
2018-09-16T22:00:00Z,1537135200,,,0,0.0183
2018-09-16T23:00:00Z,1537138800,,,0,0.0366
2018-09-17T01:00:00Z,1537146000,,,0,0.0335
2018-09-17T02:00:00Z,1537149600,,,0,0.0122
2018-09-17T03:00:00Z,1537153200,,,0,0.0061
2018-09-17T04:00:00Z,1537156800,,,0,0.0061
2018-09-17T05:00:00Z,1537160400,,,0,0.0213
2018-09-17T06:00:00Z,1537164000,,,0,0.0183
2018-09-17T07:00:00Z,1537167600,,,0,0.0671
2018-09-17T08:00:00Z,1537171200,,,0,0.0914
2018-09-17T09:00:00Z,1537174800,,,0,0.1158
2018-09-17T10:00:00Z,1537178400,,,0,0.1494
2018-09-17T11:00:00Z,1537182000,,,0,0.1463
2018-09-17T12:00:00Z,1537185600,,,0,0.1463
2018-09-17T13:00:00Z,1537189200,,,0,0.1372
2018-09-17T14:00:00Z,1537192800,,,0,0.1189
2018-09-17T15:00:00Z,1537196400,,,0,0.0853
2018-09-17T16:00:00Z,1537200000,,,0,0.0671
2018-09-17T17:00:00Z,1537203600,,,0,0.0366
2018-09-17T18:00:00Z,1537207200,,,0,0.0335
2018-09-17T19:00:00Z,1537210800,,,0,0.0488
2018-09-17T20:00:00Z,1537214400,,,0,0.0732
2018-09-17T21:00:00Z,1537218000,,,0,0.1006
2018-09-17T22:00:00Z,1537221600,,,0,0.1067
2018-09-17T23:00:00Z,1537225200,,,0,0.1036
2018-09-18T00:00:00Z,1537228800,,,0,0.1036
2018-09-18T01:00:00Z,1537232400,,,0,0.0823
2018-09-18T02:00:00Z,1537236000,,,0,0.0579
2018-09-18T03:00:00Z,1537239600,,,0,0.0518
2018-09-18T04:00:00Z,1537243200,,,0,0.0457
2018-09-18T05:00:00Z,1537246800,,,0,0.0183
2018-09-18T06:00:00Z,1537250400,,,0,0.0274
2018-09-18T07:00:00Z,1537254000,,,0,0.0366
2018-09-18T08:00:00Z,1537257600,,,0,0.0853
2018-09-18T09:00:00Z,1537261200,,,0,0.1036
2018-09-18T10:00:00Z,1537264800,,,0,0.1433
2018-09-18T11:00:00Z,1537268400,,,0,0.1494
2018-09-18T12:00:00Z,1537272000,,,0,0.1707
2018-09-18T13:00:00Z,1537275600,,,0,0.1646
2018-09-18T14:00:00Z,1537279200,,,0,0.1433
2018-09-18T15:00:00Z,1537282800,,,0,0.1494
2018-09-18T16:00:00Z,1537286400,,,0,0.1128
2018-09-18T17:00:00Z,1537290000,,,0,0.0853
2018-09-18T18:00:00Z,1537293600,,,0,0.064
2018-09-18T19:00:00Z,1537297200,,,0,0.0488
2018-09-18T20:00:00Z,1537300800,,,0,0.0671
2018-09-18T21:00:00Z,1537304400,,,0,0.0853
2018-09-18T22:00:00Z,1537308000,,,0,0.1067
2018-09-18T23:00:00Z,1537311600,,,0,0.1372
2018-09-19T00:00:00Z,1537315200,,,0,0.1524
2018-09-19T01:00:00Z,1537318800,,,0,0.1829
2018-09-19T02:00:00Z,1537322400,,,0,0.1615
2018-09-19T03:00:00Z,1537326000,,,0,0.1219
2018-09-19T04:00:00Z,1537329600,,,0,0.1402
2018-09-19T05:00:00Z,1537333200,,,0,0.1067
2018-09-19T06:00:00Z,1537336800,,,0,0.1219
2018-09-19T07:00:00Z,1537340400,,,0,0.1189
2018-09-19T08:00:00Z,1537344000,,,0,0.1097
2018-09-19T09:00:00Z,1537347600,,,0,0.1158
2018-09-19T10:00:00Z,1537351200,,,0,0.1433
2018-09-19T11:00:00Z,1537354800,,,0,0.1585
2018-09-19T12:00:00Z,1537358400,,,0,0.1524
2018-09-19T13:00:00Z,1537362000,,,0,0.1524
2018-09-19T14:00:00Z,1537365600,,,0,0.1341
2018-09-19T15:00:00Z,1537369200,,,0,0.125
2018-09-19T16:00:00Z,1537372800,,,0,0.1006
2018-09-19T17:00:00Z,1537376400,,,0,0.064
2018-09-19T18:00:00Z,1537380000,,,0,0.0366
2018-09-19T19:00:00Z,1537383600,,,0,0.003
2018-09-19T20:00:00Z,1537387200,,,0,-0.0061
2018-09-19T21:00:00Z,1537390800,,,0,0.003
2018-09-19T22:00:00Z,1537394400,,,0,0.0244
2018-09-19T23:00:00Z,1537398000,,,0,0.0396
2018-09-20T01:00:00Z,1537405200,,,0,0.0945
2018-09-20T02:00:00Z,1537408800,,,0,0.0975
2018-09-20T03:00:00Z,1537412400,,,0,0.1036
2018-09-20T04:00:00Z,1537416000,,,0,0.1067
2018-09-20T05:00:00Z,1537419600,,,0,0.0823
2018-09-20T06:00:00Z,1537423200,,,0,0.0792
2018-09-20T07:00:00Z,1537426800,,,0,0.0762
2018-09-20T08:00:00Z,1537430400,,,0,0.0823
2018-09-20T09:00:00Z,1537434000,,,0,0.0884
2018-09-20T10:00:00Z,1537437600,,,0,0.0975
2018-09-20T11:00:00Z,1537441200,,,0,0.1036
2018-09-20T12:00:00Z,1537444800,,,0,0.1372
2018-09-20T13:00:00Z,1537448400,,,0,0.1524
2018-09-20T14:00:00Z,1537452000,,,0,0.1585
2018-09-20T15:00:00Z,1537455600,,,0,0.1524
2018-09-20T16:00:00Z,1537459200,,,0,0.1311
2018-09-20T17:00:00Z,1537462800,,,0,0.1097
2018-09-20T18:00:00Z,1537466400,,,0,0.0823
2018-09-20T19:00:00Z,1537470000,,,0,0.061
2018-09-20T20:00:00Z,1537473600,,,0,0.0488
2018-09-20T21:00:00Z,1537477200,,,0,0.0488
2018-09-20T22:00:00Z,1537480800,,,0,0.0488
2018-09-20T23:00:00Z,1537484400,,,0,0.0701
2018-09-21T00:00:00Z,1537488000,,,0,0.0671
2018-09-21T01:00:00Z,1537491600,,,0,0.1036
2018-09-21T02:00:00Z,1537495200,,,0,0.1097
2018-09-21T03:00:00Z,1537498800,,,0,0.125
2018-09-21T04:00:00Z,1537502400,,,0,0.1128
2018-09-21T05:00:00Z,1537506000,,,0,0.1067
2018-09-21T06:00:00Z,1537509600,,,0,0.0945
2018-09-21T07:00:00Z,1537513200,,,0,0.0853
2018-09-21T08:00:00Z,1537516800,,,0,0.0549
2018-09-21T09:00:00Z,1537520400,,,0,0.061
2018-09-21T10:00:00Z,1537524000,,,0,0.0579
2018-09-21T11:00:00Z,1537527600,,,0,0.0732
2018-09-21T12:00:00Z,1537531200,,,0,0.0762
2018-09-21T13:00:00Z,1537534800,,,0,0.0792
2018-09-21T14:00:00Z,1537538400,,,0,0.0853
2018-09-21T15:00:00Z,1537542000,,,0,0.1006
2018-09-21T16:00:00Z,1537545600,,,0,0.0671
2018-09-21T17:00:00Z,1537549200,,,0,0.0579
2018-09-21T18:00:00Z,1537552800,,,0,0.0183
2018-09-21T19:00:00Z,1537556400,,,0,-0.0091
2018-09-21T20:00:00Z,1537560000,,,0,-0.0335
2018-09-21T21:00:00Z,1537563600,,,0,-0.0335
2018-09-21T22:00:00Z,1537567200,,,0,-0.0335
2018-09-21T23:00:00Z,1537570800,,,0,-0.0152
2018-09-22T00:00:00Z,1537574400,,,0,0.0091
2018-09-22T01:00:00Z,1537578000,,,0,0.0488
2018-09-22T02:00:00Z,1537581600,,,0,0.0671
2018-09-22T03:00:00Z,1537585200,,,0,0.0884
2018-09-22T04:00:00Z,1537588800,,,0,0.125
2018-09-22T05:00:00Z,1537592400,,,0,0.1372
2018-09-22T06:00:00Z,1537596000,,,0,0.1402
2018-09-22T07:00:00Z,1537599600,,,0,0.1036
2018-09-22T08:00:00Z,1537603200,,,0,0.0732
2018-09-22T09:00:00Z,1537606800,,,0,0.0701
2018-09-22T10:00:00Z,1537610400,,,0,0.0488
2018-09-22T11:00:00Z,1537614000,,,0,0.0274
2018-09-22T12:00:00Z,1537617600,,,0,0.0213
2018-09-22T13:00:00Z,1537621200,,,0,0.0366
2018-09-22T14:00:00Z,1537624800,,,0,0.0427
2018-09-22T15:00:00Z,1537628400,,,0,0.0518
2018-09-22T17:00:00Z,1537635600,,,0,0.0335
2018-09-22T18:00:00Z,1537639200,,,0,0.0122
2018-09-22T19:00:00Z,1537642800,,,0,0.0061
2018-09-22T20:00:00Z,1537646400,,,0,0.0091
2018-09-22T21:00:00Z,1537650000,,,0,-0.003
2018-09-22T22:00:00Z,1537653600,,,0,0.0183
2018-09-22T23:00:00Z,1537657200,,,0,0.0122
2018-09-23T01:00:00Z,1537664400,,,0,0.0518
2018-09-23T02:00:00Z,1537668000,,,0,0.0701
2018-09-23T03:00:00Z,1537671600,,,0,0.0701
2018-09-23T04:00:00Z,1537675200,,,0,0.0732
2018-09-23T05:00:00Z,1537678800,,,0,0.061
2018-09-23T06:00:00Z,1537682400,,,0,0.0366
2018-09-23T07:00:00Z,1537686000,,,0,0.0213
2018-09-23T08:00:00Z,1537689600,,,0,-0.0152
2018-09-23T09:00:00Z,1537693200,,,0,-0.0061
2018-09-23T10:00:00Z,1537696800,,,0,-0.0183
2018-09-23T11:00:00Z,1537700400,,,0,-0.0396
2018-09-23T12:00:00Z,1537704000,,,0,-0.0183
2018-09-23T13:00:00Z,1537707600,,,0,0.003
2018-09-23T14:00:00Z,1537711200,,,0,0.0213
2018-09-23T15:00:00Z,1537714800,,,0,0.0183
2018-09-23T16:00:00Z,1537718400,,,0,0.0152
2018-09-23T17:00:00Z,1537722000,,,0,0.0061
2018-09-23T18:00:00Z,1537725600,,,0,-0.0396
2018-09-23T19:00:00Z,1537729200,,,0,-0.0762
2018-09-23T20:00:00Z,1537732800,,,0,-0.125
2018-09-23T21:00:00Z,1537736400,,,0,-0.1798
2018-09-23T22:00:00Z,1537740000,,,0,-0.2195
2018-09-23T23:00:00Z,1537743600,,,0,-0.2713
2018-09-24T00:00:00Z,1537747200,,,0,-0.2804
2018-09-24T01:00:00Z,1537750800,,,0,-0.256
2018-09-24T02:00:00Z,1537754400,,,0,-0.256
2018-09-24T03:00:00Z,1537758000,,,0,-0.2164
2018-09-24T04:00:00Z,1537761600,,,0,-0.1737
2018-09-24T05:00:00Z,1537765200,,,0,-0.1341
2018-09-24T06:00:00Z,1537768800,,,0,-0.125
2018-09-24T07:00:00Z,1537772400,,,0,-0.125
2018-09-24T08:00:00Z,1537776000,,,0,-0.1615
2018-09-24T09:00:00Z,1537779600,,,0,-0.1494
2018-09-24T10:00:00Z,1537783200,,,0,-0.1768
2018-09-24T11:00:00Z,1537786800,,,0,-0.1859
2018-09-24T12:00:00Z,1537790400,,,0,-0.2103
2018-09-24T13:00:00Z,1537794000,,,0,-0.1829
2018-09-24T14:00:00Z,1537797600,,,0,-0.1554
2018-09-24T15:00:00Z,1537801200,,,0,-0.1768
2018-09-24T16:00:00Z,1537804800,,,0,-0.1676
2018-09-24T17:00:00Z,1537808400,,,0,-0.1646
2018-09-24T18:00:00Z,1537812000,,,0,-0.2134
2018-09-24T19:00:00Z,1537815600,,,0,-0.2256
2018-09-24T20:00:00Z,1537819200,,,0,-0.2438
2018-09-24T21:00:00Z,1537822800,,,0,-0.2896
2018-09-24T22:00:00Z,1537826400,,,0,-0.3292
2018-09-24T23:00:00Z,1537830000,,,0,-0.3231
2018-09-25T00:00:00Z,1537833600,,,0,-0.32
2018-09-25T01:00:00Z,1537837200,,,0,-0.2926
2018-09-25T02:00:00Z,1537840800,,,0,-0.2621
2018-09-25T03:00:00Z,1537844400,,,0,-0.192
2018-09-25T04:00:00Z,1537848000,,,0,-0.1372
2018-09-25T05:00:00Z,1537851600,,,0,-0.0853
2018-09-25T06:00:00Z,1537855200,,,0,-0.0457
2018-09-25T07:00:00Z,1537858800,,,0,-0.0213
2018-09-25T08:00:00Z,1537862400,,,0,-0.0274
2018-09-25T09:00:00Z,1537866000,,,0,-0.0518
2018-09-25T10:00:00Z,1537869600,,,0,-0.0671
2018-09-25T11:00:00Z,1537873200,,,0,-0.0671
2018-09-25T12:00:00Z,1537876800,,,0,-0.0914
2018-09-25T13:00:00Z,1537880400,,,0,-0.1006
2018-09-25T14:00:00Z,1537884000,,,0,-0.0884
2018-09-25T15:00:00Z,1537887600,,,0,-0.0792
2018-09-25T16:00:00Z,1537891200,,,0,-0.0549
2018-09-25T17:00:00Z,1537894800,,,0,-0.0427
2018-09-25T18:00:00Z,1537898400,,,0,-0.0732
2018-09-25T19:00:00Z,1537902000,,,0,-0.0945
2018-09-25T20:00:00Z,1537905600,,,0,-0.0975
2018-09-25T21:00:00Z,1537909200,,,0,-0.1128
2018-09-25T22:00:00Z,1537912800,,,0,-0.128
2018-09-25T23:00:00Z,1537916400,,,0,-0.1219
2018-09-26T00:00:00Z,1537920000,,,0,-0.1006
2018-09-26T01:00:00Z,1537923600,,,0,-0.0823
2018-09-26T02:00:00Z,1537927200,,,0,-0.0457
2018-09-26T03:00:00Z,1537930800,,,0,0.0122
2018-09-26T04:00:00Z,1537934400,,,0,0.0701
2018-09-26T05:00:00Z,1537938000,,,0,0.1189
2018-09-26T06:00:00Z,1537941600,,,0,0.1463
2018-09-26T07:00:00Z,1537945200,,,0,0.1433
2018-09-26T08:00:00Z,1537948800,,,0,0.1829
2018-09-26T09:00:00Z,1537952400,,,0,0.1707
2018-09-26T10:00:00Z,1537956000,,,0,0.1372
2018-09-26T11:00:00Z,1537959600,,,0,0.0975
2018-09-26T12:00:00Z,1537963200,,,0,0.061
2018-09-26T13:00:00Z,1537966800,,,0,0.0488
2018-09-26T14:00:00Z,1537970400,,,0,0.0427
2018-09-26T15:00:00Z,1537974000,,,0,0.061
2018-09-26T16:00:00Z,1537977600,,,0,0.061
2018-09-26T17:00:00Z,1537981200,,,0,0.061
2018-09-26T18:00:00Z,1537984800,,,0,0.0427
2018-09-26T19:00:00Z,1537988400,,,0,0.003
2018-09-26T20:00:00Z,1537992000,,,0,-0.0274
2018-09-26T21:00:00Z,1537995600,,,0,-0.061
2018-09-26T22:00:00Z,1537999200,,,0,-0.0884
2018-09-26T23:00:00Z,1538002800,,,0,-0.1097
2018-09-27T00:00:00Z,1538006400,,,0,-0.1219
2018-09-27T01:00:00Z,1538010000,,,0,-0.1494
2018-09-27T02:00:00Z,1538013600,,,0,-0.125
2018-09-27T03:00:00Z,1538017200,,,0,-0.0792
2018-09-27T04:00:00Z,1538020800,,,0,-0.0213
2018-09-27T05:00:00Z,1538024400,,,0,0.0122
2018-09-27T06:00:00Z,1538028000,,,0,0.0427
2018-09-27T07:00:00Z,1538031600,,,0,0.0488
2018-09-27T08:00:00Z,1538035200,,,0,0.0366
2018-09-27T09:00:00Z,1538038800,,,0,0.0091
2018-09-27T10:00:00Z,1538042400,,,0,-0.0244
2018-09-27T11:00:00Z,1538046000,,,0,-0.061
2018-09-27T12:00:00Z,1538049600,,,0,-0.0823
2018-09-27T13:00:00Z,1538053200,,,0,-0.1189
2018-09-27T14:00:00Z,1538056800,,,0,-0.1128
2018-09-27T15:00:00Z,1538060400,,,0,-0.1189
2018-09-27T16:00:00Z,1538064000,,,0,-0.1097
2018-09-27T17:00:00Z,1538067600,,,0,-0.0975
2018-09-27T18:00:00Z,1538071200,,,0,-0.1128
2018-09-27T19:00:00Z,1538074800,,,0,-0.1372
2018-09-27T20:00:00Z,1538078400,,,0,-0.1676
2018-09-27T21:00:00Z,1538082000,,,0,-0.2195
2018-09-27T22:00:00Z,1538085600,,,0,-0.2682
2018-09-27T23:00:00Z,1538089200,,,0,-0.3018
2018-09-28T00:00:00Z,1538092800,,,0,-0.3048
2018-09-28T01:00:00Z,1538096400,,,0,-0.32
2018-09-28T02:00:00Z,1538100000,,,0,-0.3383
2018-09-28T03:00:00Z,1538103600,,,0,-0.2896
2018-09-28T04:00:00Z,1538107200,,,0,-0.2377
2018-09-28T05:00:00Z,1538110800,,,0,-0.1859
2018-09-28T06:00:00Z,1538114400,,,0,-0.1707
2018-09-28T07:00:00Z,1538118000,,,0,-0.1494
2018-09-28T08:00:00Z,1538121600,,,0,-0.1646
2018-09-28T09:00:00Z,1538125200,,,0,-0.2225
2018-09-28T10:00:00Z,1538128800,,,0,-0.253
2018-09-28T11:00:00Z,1538132400,,,0,-0.3383
2018-09-28T12:00:00Z,1538136000,,,0,-0.378
2018-09-28T13:00:00Z,1538139600,,,0,-0.4298
2018-09-28T14:00:00Z,1538143200,,,0,-0.445
2018-09-28T15:00:00Z,1538146800,,,0,-0.4724
2018-09-28T16:00:00Z,1538150400,,,0,-0.4755
2018-09-28T17:00:00Z,1538154000,,,0,-0.4694
2018-09-28T18:00:00Z,1538157600,,,0,-0.5121
2018-09-28T19:00:00Z,1538161200,,,0,-0.4724
2018-09-28T20:00:00Z,1538164800,,,0,-0.4877
2018-09-28T21:00:00Z,1538168400,,,0,-0.5151
2018-09-28T22:00:00Z,1538172000,,,0,-0.509
2018-09-28T23:00:00Z,1538175600,,,0,-0.5486
2018-09-29T00:00:00Z,1538179200,,,0,-0.5547
2018-09-29T01:00:00Z,1538182800,,,0,-0.5822
2018-09-29T02:00:00Z,1538186400,,,0,-0.5852
2018-09-29T03:00:00Z,1538190000,,,0,-0.5974
2018-09-29T04:00:00Z,1538193600,,,0,-0.5852
2018-09-29T05:00:00Z,1538197200,,,0,-0.5944
2018-09-29T06:00:00Z,1538200800,,,0,-0.5852
2018-09-29T07:00:00Z,1538204400,,,0,-0.5121
2018-09-29T08:00:00Z,1538208000,,,0,-0.4694
2018-09-29T09:00:00Z,1538211600,,,0,-0.4359
2018-09-29T10:00:00Z,1538215200,,,0,-0.4237
2018-09-29T11:00:00Z,1538218800,,,0,-0.3901
2018-09-29T12:00:00Z,1538222400,,,0,-0.3871
2018-09-29T13:00:00Z,1538226000,,,0,-0.3627
2018-09-29T14:00:00Z,1538229600,,,0,-0.378
2018-09-29T15:00:00Z,1538233200,,,0,-0.3505
2018-09-29T16:00:00Z,1538236800,,,0,-0.3292
2018-09-29T17:00:00Z,1538240400,,,0,-0.3475
2018-09-29T18:00:00Z,1538244000,,,0,-0.3444
2018-09-29T19:00:00Z,1538247600,,,0,-0.2987
2018-09-29T20:00:00Z,1538251200,,,0,-0.2987
2018-09-29T21:00:00Z,1538254800,,,0,-0.2682
2018-09-29T22:00:00Z,1538258400,,,0,-0.2652
2018-09-29T23:00:00Z,1538262000,,,0,-0.2347
2018-09-30T00:00:00Z,1538265600,,,0,-0.2073
2018-09-30T01:00:00Z,1538269200,,,0,-0.1981
2018-09-30T02:00:00Z,1538272800,,,0,-0.1676
2018-09-30T03:00:00Z,1538276400,,,0,-0.125
2018-09-30T04:00:00Z,1538280000,,,0,-0.0914
2018-09-30T05:00:00Z,1538283600,,,0,-0.0274
2018-09-30T06:00:00Z,1538287200,,,0,0.0366
2018-09-30T07:00:00Z,1538290800,,,0,0.0853
2018-09-30T08:00:00Z,1538294400,,,0,0.1006
2018-09-30T09:00:00Z,1538298000,,,0,0.1219
2018-09-30T10:00:00Z,1538301600,,,0,0.1585
2018-09-30T11:00:00Z,1538305200,,,0,0.1768
2018-09-30T12:00:00Z,1538308800,,,0,0.1463
2018-09-30T13:00:00Z,1538312400,,,0,0.0975
2018-09-30T14:00:00Z,1538316000,,,0,0.1128
2018-09-30T15:00:00Z,1538319600,,,0,0.0853
2018-09-30T16:00:00Z,1538323200,,,0,0.1097
2018-09-30T17:00:00Z,1538326800,,,0,0.0945
2018-09-30T18:00:00Z,1538330400,,,0,0.1219
2018-09-30T19:00:00Z,1538334000,,,0,0.1128
2018-09-30T20:00:00Z,1538337600,,,0,0.1036
2018-09-30T21:00:00Z,1538341200,,,0,0.1097
2018-09-30T22:00:00Z,1538344800,,,0,0.1189
2018-09-30T23:00:00Z,1538348400,,,0,0.1524
2018-10-01T00:00:00Z,1538352000,,,0,0.1646
2018-10-01T01:00:00Z,1538355600,,,0,0.1829
2018-10-01T02:00:00Z,1538359200,,,0,0.192
2018-10-01T03:00:00Z,1538362800,,,0,0.1737
2018-10-01T04:00:00Z,1538366400,,,0,0.2256
2018-10-01T05:00:00Z,1538370000,,,0,0.2713
2018-10-01T06:00:00Z,1538373600,,,0,0.2896
2018-10-01T07:00:00Z,1538377200,,,0,0.2743
2018-10-01T08:00:00Z,1538380800,,,0,0.2134
2018-10-01T09:00:00Z,1538384400,,,0,0.1829
2018-10-01T10:00:00Z,1538388000,,,0,0.1524
2018-10-01T11:00:00Z,1538391600,,,0,0.1189
2018-10-01T12:00:00Z,1538395200,,,0,0.0335
2018-10-01T13:00:00Z,1538398800,,,0,-0.0183
2018-10-01T14:00:00Z,1538402400,,,0,-0.0396
2018-10-01T15:00:00Z,1538406000,,,0,-0.0213
2018-10-01T16:00:00Z,1538409600,,,0,-0.0884
2018-10-01T17:00:00Z,1538413200,,,0,-0.0975
2018-10-01T18:00:00Z,1538416800,,,0,-0.1128
2018-10-01T19:00:00Z,1538420400,,,0,-0.1219
2018-10-01T20:00:00Z,1538424000,,,0,-0.1097
2018-10-01T21:00:00Z,1538427600,,,0,-0.1128
2018-10-01T22:00:00Z,1538431200,,,0,-0.128
2018-10-01T23:00:00Z,1538434800,,,0,-0.1463
2018-10-02T01:00:00Z,1538442000,,,0,-0.1737
2018-10-02T02:00:00Z,1538445600,,,0,-0.189
2018-10-02T03:00:00Z,1538449200,,,0,-0.1585
2018-10-02T04:00:00Z,1538452800,,,0,-0.1097
2018-10-02T05:00:00Z,1538456400,,,0,-0.0671
2018-10-02T06:00:00Z,1538460000,,,0,-0.0122
2018-10-02T07:00:00Z,1538463600,,,0,0.0427
2018-10-02T08:00:00Z,1538467200,,,0,0.1097
2018-10-02T09:00:00Z,1538470800,,,0,0.1341
2018-10-02T10:00:00Z,1538474400,,,0,0.1615
2018-10-02T11:00:00Z,1538478000,,,0,0.1433
2018-10-02T12:00:00Z,1538481600,,,0,0.1128
2018-10-02T13:00:00Z,1538485200,,,0,0.0701
2018-10-02T14:00:00Z,1538488800,,,0,0.0792
2018-10-02T15:00:00Z,1538492400,,,0,0.0183
2018-10-02T16:00:00Z,1538496000,,,0,-0.0061
2018-10-02T17:00:00Z,1538499600,,,0,-0.0518
2018-10-02T18:00:00Z,1538503200,,,0,-0.0305
2018-10-02T19:00:00Z,1538506800,,,0,-0.0061
2018-10-02T20:00:00Z,1538510400,,,0,-0.0366
2018-10-02T21:00:00Z,1538514000,,,0,-0.0122
2018-10-02T22:00:00Z,1538517600,,,0,-0.0244
2018-10-02T23:00:00Z,1538521200,,,0,-0.0213
2018-10-03T00:00:00Z,1538524800,,,0,-0.0274
2018-10-03T01:00:00Z,1538528400,,,0,-0.0488
2018-10-03T02:00:00Z,1538532000,,,0,-0.0183
2018-10-03T03:00:00Z,1538535600,,,0,-0.0396
2018-10-03T04:00:00Z,1538539200,,,0,-0.0244
2018-10-03T05:00:00Z,1538542800,,,0,-0.003
2018-10-03T06:00:00Z,1538546400,,,0,0.0274
2018-10-03T07:00:00Z,1538550000,,,0,0.0396
2018-10-03T08:00:00Z,1538553600,,,0,0.061
2018-10-03T09:00:00Z,1538557200,,,0,0.0671
2018-10-03T10:00:00Z,1538560800,,,0,0.0945
2018-10-03T11:00:00Z,1538564400,,,0,0.0792
2018-10-03T12:00:00Z,1538568000,,,0,0.0518
2018-10-03T13:00:00Z,1538571600,,,0,0.0152
2018-10-03T14:00:00Z,1538575200,,,0,-0.0183
2018-10-03T15:00:00Z,1538578800,,,0,-0.0091
2018-10-03T16:00:00Z,1538582400,,,0,-0.0518
2018-10-03T17:00:00Z,1538586000,,,0,-0.0488
2018-10-03T18:00:00Z,1538589600,,,0,-0.0457
2018-10-03T19:00:00Z,1538593200,,,0,-0.0366
2018-10-03T20:00:00Z,1538596800,,,0,-0.0213
2018-10-03T21:00:00Z,1538600400,,,0,0.0183
2018-10-03T22:00:00Z,1538604000,,,0,0.0274
2018-10-03T23:00:00Z,1538607600,,,0,0.0427
2018-10-04T00:00:00Z,1538611200,,,0,0.0488
2018-10-04T01:00:00Z,1538614800,,,0,0.0488
2018-10-04T02:00:00Z,1538618400,,,0,0.061
2018-10-04T03:00:00Z,1538622000,,,0,0.0823
2018-10-04T04:00:00Z,1538625600,,,0,0.0914
2018-10-04T05:00:00Z,1538629200,,,0,0.0884
2018-10-04T06:00:00Z,1538632800,,,0,0.1219
2018-10-04T07:00:00Z,1538636400,,,0,0.1494
2018-10-04T08:00:00Z,1538640000,,,0,0.1981
2018-10-04T09:00:00Z,1538643600,,,0,0.2042
2018-10-04T10:00:00Z,1538647200,,,0,0.2103
2018-10-04T11:00:00Z,1538650800,,,0,0.1676
2018-10-04T12:00:00Z,1538654400,,,0,0.128
2018-10-04T13:00:00Z,1538658000,,,0,0.1463
2018-10-04T14:00:00Z,1538661600,,,0,0.0975
2018-10-04T15:00:00Z,1538665200,,,0,0.061
2018-10-04T16:00:00Z,1538668800,,,0,0.003
2018-10-04T17:00:00Z,1538672400,,,0,0.0244
2018-10-04T18:00:00Z,1538676000,,,0,-0.0427
2018-10-04T19:00:00Z,1538679600,,,0,-0.0914
2018-10-04T20:00:00Z,1538683200,,,0,-0.1372
2018-10-04T21:00:00Z,1538686800,,,0,-0.1737
2018-10-04T22:00:00Z,1538690400,,,0,-0.1646
2018-10-04T23:00:00Z,1538694000,,,0,-0.1554
2018-10-05T00:00:00Z,1538697600,,,0,-0.1494
2018-10-05T01:00:00Z,1538701200,,,0,-0.125
2018-10-05T02:00:00Z,1538704800,,,0,-0.1311
2018-10-05T03:00:00Z,1538708400,,,0,-0.1402
2018-10-05T04:00:00Z,1538712000,,,0,-0.0823
2018-10-05T05:00:00Z,1538715600,,,0,-0.0549
2018-10-05T06:00:00Z,1538719200,,,0,-0.0061
2018-10-05T07:00:00Z,1538722800,,,0,0.0213
2018-10-05T08:00:00Z,1538726400,,,0,0.0457
2018-10-05T09:00:00Z,1538730000,,,0,0.1128
2018-10-05T10:00:00Z,1538733600,,,0,0.1554
2018-10-05T11:00:00Z,1538737200,,,0,0.1737
2018-10-05T12:00:00Z,1538740800,,,0,0.1981
2018-10-05T13:00:00Z,1538744400,,,0,0.189
2018-10-05T14:00:00Z,1538748000,,,0,1.1765
2018-10-05T15:00:00Z,1538751600,,,0,0.1737
2018-10-05T16:00:00Z,1538755200,,,0,1.1765
2018-10-05T17:00:00Z,1538758800,,,0,0.1676
2018-10-05T18:00:00Z,1538762400,,,0,0.1585
2018-10-05T19:00:00Z,1538766000,,,0,0.1067
2018-10-05T20:00:00Z,1538769600,,,0,0.1372
2018-10-05T21:00:00Z,1538773200,,,0,0.1585
2018-10-05T22:00:00Z,1538776800,,,0,0.2073
2018-10-06T00:00:00Z,1538784000,,,0,1.2741
2018-10-06T01:00:00Z,1538787600,,,0,0.3353
2018-10-06T02:00:00Z,1538791200,,,0,1.3289
2018-10-06T03:00:00Z,1538794800,,,0,0.4054
2018-10-06T04:00:00Z,1538798400,,,0,0.4084
2018-10-06T05:00:00Z,1538802000,,,0,0.4115
2018-10-06T06:00:00Z,1538805600,,,0,0.3871
2018-10-06T07:00:00Z,1538809200,,,0,0.3901
2018-10-06T08:00:00Z,1538812800,,,0,0.3627
2018-10-06T09:00:00Z,1538816400,,,0,1.3198
2018-10-06T10:00:00Z,1538820000,,,0,0.3901
2018-10-06T11:00:00Z,1538823600,,,0,0.4145
2018-10-06T12:00:00Z,1538827200,,,0,0.4206
2018-10-06T13:00:00Z,1538830800,,,0,0.4176
2018-10-06T14:00:00Z,1538834400,,,0,0.3871
2018-10-06T15:00:00Z,1538838000,,,0,0.3627
2018-10-06T16:00:00Z,1538841600,,,0,0.317
2018-10-06T17:00:00Z,1538845200,,,0,0.2743
2018-10-06T18:00:00Z,1538848800,,,0,0.2438
2018-10-06T19:00:00Z,1538852400,,,0,0.2195
2018-10-06T20:00:00Z,1538856000,,,0,0.1798
2018-10-06T21:00:00Z,1538859600,,,0,0.1494
2018-10-06T22:00:00Z,1538863200,,,0,0.1829
2018-10-06T23:00:00Z,1538866800,,,0,0.192
2018-10-07T00:00:00Z,1538870400,,,0,0.2377
2018-10-07T01:00:00Z,1538874000,,,0,0.2621
2018-10-07T02:00:00Z,1538877600,,,0,0.2713
2018-10-07T03:00:00Z,1538881200,,,0,0.2652
2018-10-07T05:00:00Z,1538888400,,,0,0.2438
2018-10-07T06:00:00Z,1538892000,,,0,0.2073
2018-10-07T07:00:00Z,1538895600,,,0,0.1829
2018-10-07T08:00:00Z,1538899200,,,0,0.1615
2018-10-07T09:00:00Z,1538902800,,,0,0.1585
2018-10-07T10:00:00Z,1538906400,,,0,0.1433
2018-10-07T11:00:00Z,1538910000,,,0,0.1646
2018-10-07T12:00:00Z,1538913600,,,0,0.1951
2018-10-07T13:00:00Z,1538917200,,,0,0.2103
2018-10-07T14:00:00Z,1538920800,,,0,0.1981
2018-10-07T15:00:00Z,1538924400,,,0,0.1859
2018-10-07T16:00:00Z,1538928000,,,0,0.1707
2018-10-07T17:00:00Z,1538931600,,,0,0.1097
2018-10-07T18:00:00Z,1538935200,,,0,0.0549
2018-10-07T19:00:00Z,1538938800,,,0,0.0091
2018-10-07T20:00:00Z,1538942400,,,0,-0.0335
2018-10-07T21:00:00Z,1538946000,,,0,-0.0366
2018-10-07T22:00:00Z,1538949600,,,0,-0.0427
2018-10-07T23:00:00Z,1538953200,,,0,-0.0305
2018-10-08T01:00:00Z,1538960400,,,0,0.0914
2018-10-08T02:00:00Z,1538964000,,,0,0.128
2018-10-08T03:00:00Z,1538967600,,,0,0.1768
2018-10-08T04:00:00Z,1538971200,,,0,0.1737
2018-10-08T05:00:00Z,1538974800,,,0,0.189
2018-10-08T06:00:00Z,1538978400,,,0,0.1707
2018-10-08T07:00:00Z,1538982000,,,0,0.1402
2018-10-08T08:00:00Z,1538985600,,,0,0.1189
2018-10-08T09:00:00Z,1538989200,,,0,0.1311
2018-10-08T10:00:00Z,1538992800,,,0,0.1524
2018-10-08T11:00:00Z,1538996400,,,0,0.1463
2018-10-08T12:00:00Z,1539000000,,,0,0.1646
2018-10-08T13:00:00Z,1539003600,,,0,0.2134
2018-10-08T14:00:00Z,1539007200,,,0,0.2195
2018-10-08T15:00:00Z,1539010800,,,0,0.2225
2018-10-08T16:00:00Z,1539014400,,,0,0.2134
2018-10-08T17:00:00Z,1539018000,,,0,0.1646
2018-10-08T18:00:00Z,1539021600,,,0,0.1524
2018-10-08T19:00:00Z,1539025200,,,0,0.0945
2018-10-08T20:00:00Z,1539028800,,,0,0.0396
2018-10-08T21:00:00Z,1539032400,,,0,0.0518
2018-10-08T22:00:00Z,1539036000,,,0,0.0427
2018-10-08T23:00:00Z,1539039600,,,0,0.0396
2018-10-09T00:00:00Z,1539043200,,,0,0.0671
2018-10-09T01:00:00Z,1539046800,,,0,0.0914
2018-10-09T02:00:00Z,1539050400,,,0,0.1372
2018-10-09T03:00:00Z,1539054000,,,0,0.1615
2018-10-09T04:00:00Z,1539057600,,,0,0.1981
2018-10-09T05:00:00Z,1539061200,,,0,0.2195
2018-10-09T06:00:00Z,1539064800,,,0,0.1951
2018-10-09T07:00:00Z,1539068400,,,0,0.1829
2018-10-09T08:00:00Z,1539072000,,,0,0.1433
2018-10-09T09:00:00Z,1539075600,,,0,0.1463
2018-10-09T10:00:00Z,1539079200,,,0,0.1219
2018-10-09T11:00:00Z,1539082800,,,0,0.1006
2018-10-09T12:00:00Z,1539086400,,,0,0.1128
2018-10-09T13:00:00Z,1539090000,,,0,0.1372
2018-10-09T14:00:00Z,1539093600,,,0,0.1737
2018-10-09T15:00:00Z,1539097200,,,0,0.1646
2018-10-09T16:00:00Z,1539100800,,,0,0.1341
2018-10-09T17:00:00Z,1539104400,,,0,0.1158
2018-10-09T18:00:00Z,1539108000,,,0,0.0975
2018-10-09T19:00:00Z,1539111600,,,0,0.0701
2018-10-09T20:00:00Z,1539115200,,,0,-0.0122
2018-10-09T21:00:00Z,1539118800,,,0,-0.0427
2018-10-09T22:00:00Z,1539122400,,,0,-0.125
2018-10-09T23:00:00Z,1539126000,,,0,-0.1189
2018-10-10T01:00:00Z,1539133200,,,0,-0.1554
2018-10-10T02:00:00Z,1539136800,,,0,-0.1311
2018-10-10T03:00:00Z,1539140400,,,0,-0.0792
2018-10-10T04:00:00Z,1539144000,,,0,-0.0427
2018-10-10T05:00:00Z,1539147600,,,0,-0.0152
2018-10-10T06:00:00Z,1539151200,,,0,-0.0244
2018-10-10T07:00:00Z,1539154800,,,0,-0.0457
2018-10-10T08:00:00Z,1539158400,,,0,-0.0792
2018-10-10T09:00:00Z,1539162000,,,0,-0.0823
2018-10-10T10:00:00Z,1539165600,,,0,-0.0945
2018-10-10T11:00:00Z,1539169200,,,0,-0.1158
2018-10-10T12:00:00Z,1539172800,,,0,-0.1524
2018-10-10T13:00:00Z,1539176400,,,0,-0.1494
2018-10-10T14:00:00Z,1539180000,,,0,-0.1158
2018-10-10T15:00:00Z,1539183600,,,0,-0.0914
2018-10-10T16:00:00Z,1539187200,,,0,-0.0884
2018-10-10T17:00:00Z,1539190800,,,0,-0.0975
2018-10-10T18:00:00Z,1539194400,,,0,-0.1006
2018-10-10T19:00:00Z,1539198000,,,0,-0.1554
2018-10-10T20:00:00Z,1539201600,,,0,-0.1829
2018-10-10T21:00:00Z,1539205200,,,0,-0.2469
2018-10-10T22:00:00Z,1539208800,,,0,-0.256
2018-10-10T23:00:00Z,1539212400,,,0,-0.2713
2018-10-11T00:00:00Z,1539216000,,,0,-0.2865
2018-10-11T01:00:00Z,1539219600,,,0,-0.2774
2018-10-11T02:00:00Z,1539223200,,,0,-0.2164
2018-10-11T03:00:00Z,1539226800,,,0,-0.1615
2018-10-11T04:00:00Z,1539230400,,,0,-0.1067
2018-10-11T05:00:00Z,1539234000,,,0,-0.0457
2018-10-11T06:00:00Z,1539237600,,,0,-0.0091
2018-10-11T07:00:00Z,1539241200,,,0,-0.0244
2018-10-11T08:00:00Z,1539244800,,,0,-0.0457
2018-10-11T09:00:00Z,1539248400,,,0,-0.064
2018-10-11T10:00:00Z,1539252000,,,0,-0.064
2018-10-11T11:00:00Z,1539255600,,,0,-0.0762
2018-10-11T12:00:00Z,1539259200,,,0,-0.1067
2018-10-11T13:00:00Z,1539262800,,,0,-0.1463
2018-10-11T14:00:00Z,1539266400,,,0,-0.1219
2018-10-11T15:00:00Z,1539270000,,,0,-0.1219
2018-10-11T16:00:00Z,1539273600,,,0,-0.1036
2018-10-11T17:00:00Z,1539277200,,,0,-0.1189
2018-10-11T18:00:00Z,1539280800,,,0,-0.1219
2018-10-11T19:00:00Z,1539284400,,,0,-0.1463
2018-10-11T20:00:00Z,1539288000,,,0,-0.1798
2018-10-11T21:00:00Z,1539291600,,,0,-0.2134
2018-10-11T22:00:00Z,1539295200,,,0,-0.2164
2018-10-11T23:00:00Z,1539298800,,,0,-0.2225
2018-10-12T00:00:00Z,1539302400,,,0,-0.2103
2018-10-12T01:00:00Z,1539306000,,,0,-0.192
2018-10-12T02:00:00Z,1539309600,,,0,-0.128
2018-10-12T03:00:00Z,1539313200,,,0,-0.0549
2018-10-12T04:00:00Z,1539316800,,,0,0.0122
2018-10-12T05:00:00Z,1539320400,,,0,0.0762
2018-10-12T06:00:00Z,1539324000,,,0,0.1189
2018-10-12T07:00:00Z,1539327600,,,0,0.1737
2018-10-12T08:00:00Z,1539331200,,,0,0.2134
2018-10-12T09:00:00Z,1539334800,,,0,0.2225
2018-10-12T10:00:00Z,1539338400,,,0,0.2134
2018-10-12T11:00:00Z,1539342000,,,0,0.1707
2018-10-12T12:00:00Z,1539345600,,,0,0.1524
2018-10-12T13:00:00Z,1539349200,,,0,0.1554
2018-10-12T14:00:00Z,1539352800,,,0,0.1554
2018-10-12T15:00:00Z,1539356400,,,0,0.1737
2018-10-12T16:00:00Z,1539360000,,,0,0.2012
2018-10-12T17:00:00Z,1539363600,,,0,0.2012
2018-10-12T18:00:00Z,1539367200,,,0,0.2042
2018-10-12T19:00:00Z,1539370800,,,0,0.1829
2018-10-12T20:00:00Z,1539374400,,,0,0.1585
2018-10-12T21:00:00Z,1539378000,,,0,0.1494
2018-10-12T22:00:00Z,1539381600,,,0,0.0457
2018-10-12T23:00:00Z,1539385200,,,0,0.0183
2018-10-13T01:00:00Z,1539392400,,,0,-0.0853
2018-10-13T02:00:00Z,1539396000,,,0,-0.1554
2018-10-13T03:00:00Z,1539399600,,,0,-0.1554
2018-10-13T04:00:00Z,1539403200,,,0,-0.1585
2018-10-13T05:00:00Z,1539406800,,,0,-0.1433
2018-10-13T06:00:00Z,1539410400,,,0,-0.1128
2018-10-13T07:00:00Z,1539414000,,,0,-0.1097
2018-10-13T08:00:00Z,1539417600,,,0,-0.1097
2018-10-13T09:00:00Z,1539421200,,,0,-0.0914
2018-10-13T10:00:00Z,1539424800,,,0,-0.1189
2018-10-13T11:00:00Z,1539428400,,,0,-0.1219
2018-10-13T12:00:00Z,1539432000,,,0,-0.1006
2018-10-13T13:00:00Z,1539435600,,,0,-0.0732
2018-10-13T14:00:00Z,1539439200,,,0,-0.0579
2018-10-13T15:00:00Z,1539442800,,,0,-0.0244
2018-10-13T16:00:00Z,1539446400,,,0,0.0244
2018-10-13T17:00:00Z,1539450000,,,0,0.061
2018-10-13T18:00:00Z,1539453600,,,0,0.1036
2018-10-13T19:00:00Z,1539457200,,,0,0.128
2018-10-13T20:00:00Z,1539460800,,,0,0.1402
2018-10-13T21:00:00Z,1539464400,,,0,0.1494
2018-10-13T22:00:00Z,1539468000,,,0,0.1585
2018-10-13T23:00:00Z,1539471600,,,0,0.1554
2018-10-14T01:00:00Z,1539478800,,,0,0.1158
2018-10-14T02:00:00Z,1539482400,,,0,0.1189
2018-10-14T03:00:00Z,1539486000,,,0,0.1494
2018-10-14T04:00:00Z,1539489600,,,0,0.1951
2018-10-14T05:00:00Z,1539493200,,,0,0.2286
2018-10-14T06:00:00Z,1539496800,,,0,0.2621
2018-10-14T07:00:00Z,1539500400,,,0,0.3109
2018-10-14T08:00:00Z,1539504000,,,0,0.32
2018-10-14T09:00:00Z,1539507600,,,0,0.3231
2018-10-14T10:00:00Z,1539511200,,,0,0.2957
2018-10-14T11:00:00Z,1539514800,,,0,0.3048
2018-10-14T12:00:00Z,1539518400,,,0,0.2591
2018-10-14T13:00:00Z,1539522000,,,0,0.2286
2018-10-14T14:00:00Z,1539525600,,,0,0.189
2018-10-14T15:00:00Z,1539529200,,,0,0.1676
2018-10-14T16:00:00Z,1539532800,,,0,0.1737
2018-10-14T17:00:00Z,1539536400,,,0,0.1737
2018-10-14T18:00:00Z,1539540000,,,0,0.1768
2018-10-14T19:00:00Z,1539543600,,,0,0.1829
2018-10-14T20:00:00Z,1539547200,,,0,0.1859
2018-10-14T21:00:00Z,1539550800,,,0,0.1951
2018-10-14T22:00:00Z,1539554400,,,0,0.2012
2018-10-14T23:00:00Z,1539558000,,,0,0.1737
2018-10-15T00:00:00Z,1539561600,,,0,0.1646
2018-10-15T01:00:00Z,1539565200,,,0,0.1707
2018-10-15T02:00:00Z,1539568800,,,0,0.1524
2018-10-15T03:00:00Z,1539572400,,,0,0.1585
2018-10-15T04:00:00Z,1539576000,,,0,0.1768
2018-10-15T05:00:00Z,1539579600,,,0,0.2286
2018-10-15T06:00:00Z,1539583200,,,0,0.256
2018-10-15T07:00:00Z,1539586800,,,0,0.3048
2018-10-15T08:00:00Z,1539590400,,,0,0.3231
2018-10-15T09:00:00Z,1539594000,,,0,0.3322
2018-10-15T10:00:00Z,1539597600,,,0,0.317
2018-10-15T11:00:00Z,1539601200,,,0,0.3109
2018-10-15T12:00:00Z,1539604800,,,0,0.2865
2018-10-15T13:00:00Z,1539608400,,,0,0.256
2018-10-15T14:00:00Z,1539612000,,,0,0.2134
2018-10-15T15:00:00Z,1539615600,,,0,0.1798
2018-10-15T16:00:00Z,1539619200,,,0,0.1829
2018-10-15T17:00:00Z,1539622800,,,0,0.1859
2018-10-15T18:00:00Z,1539626400,,,0,0.192
2018-10-15T19:00:00Z,1539630000,,,0,0.1768
2018-10-15T20:00:00Z,1539633600,,,0,0.1615
2018-10-15T21:00:00Z,1539637200,,,0,0.1463
2018-10-15T22:00:00Z,1539640800,,,0,0.1189
2018-10-15T23:00:00Z,1539644400,,,0,0.0975
2018-10-16T00:00:00Z,1539648000,,,0,0.0183
2018-10-16T01:00:00Z,1539651600,,,0,-0.0061
2018-10-16T02:00:00Z,1539655200,,,0,-0.0518
2018-10-16T03:00:00Z,1539658800,,,0,-0.1067
2018-10-16T04:00:00Z,1539662400,,,0,-0.125
2018-10-16T05:00:00Z,1539666000,,,0,-0.1433
2018-10-16T06:00:00Z,1539669600,,,0,-0.1494
2018-10-16T07:00:00Z,1539673200,,,0,-0.1433
2018-10-16T08:00:00Z,1539676800,,,0,-0.1311
2018-10-16T09:00:00Z,1539680400,,,0,-0.1219
2018-10-16T10:00:00Z,1539684000,,,0,-0.1707
2018-10-16T11:00:00Z,1539687600,,,0,-0.1829
2018-10-16T12:00:00Z,1539691200,,,0,-0.2164
2018-10-16T13:00:00Z,1539694800,,,0,-0.2316
2018-10-16T14:00:00Z,1539698400,,,0,-0.2804
2018-10-16T15:00:00Z,1539702000,,,0,-0.3231
2018-10-16T16:00:00Z,1539705600,,,0,-0.3749
2018-10-16T17:00:00Z,1539709200,,,0,-0.4023
2018-10-16T18:00:00Z,1539712800,,,0,-0.3962
2018-10-16T19:00:00Z,1539716400,,,0,-0.4267
2018-10-16T20:00:00Z,1539720000,,,0,-0.4328
2018-10-16T21:00:00Z,1539723600,,,0,-0.4359
2018-10-16T22:00:00Z,1539727200,,,0,-0.4511
2018-10-16T23:00:00Z,1539730800,,,0,-0.4145
2018-10-17T00:00:00Z,1539734400,,,0,-0.4115
2018-10-17T01:00:00Z,1539738000,,,0,-0.3871
2018-10-17T02:00:00Z,1539741600,,,0,-0.378
2018-10-17T03:00:00Z,1539745200,,,0,-0.3597
2018-10-17T04:00:00Z,1539748800,,,0,-0.3353
2018-10-17T05:00:00Z,1539752400,,,0,-0.2865
2018-10-17T06:00:00Z,1539756000,,,0,-0.2591
2018-10-17T07:00:00Z,1539759600,,,0,-0.2286
2018-10-17T08:00:00Z,1539763200,,,0,-0.1829
2018-10-17T09:00:00Z,1539766800,,,0,-0.1463
2018-10-17T10:00:00Z,1539770400,,,0,-0.1219
2018-10-17T11:00:00Z,1539774000,,,0,-0.1128
2018-10-17T12:00:00Z,1539777600,,,0,-0.1219
2018-10-17T13:00:00Z,1539781200,,,0,-0.1494
2018-10-17T14:00:00Z,1539784800,,,0,-0.1951
2018-10-17T15:00:00Z,1539788400,,,0,-0.2042
2018-10-17T16:00:00Z,1539792000,,,0,-0.2256
2018-10-17T17:00:00Z,1539795600,,,0,-0.2652
2018-10-17T18:00:00Z,1539799200,,,0,-0.2896
2018-10-17T19:00:00Z,1539802800,,,0,-0.2865
2018-10-17T20:00:00Z,1539806400,,,0,-0.2865
2018-10-17T21:00:00Z,1539810000,,,0,-0.2713
2018-10-17T22:00:00Z,1539813600,,,0,-0.2682
2018-10-17T23:00:00Z,1539817200,,,0,-0.2408
2018-10-18T00:00:00Z,1539820800,,,0,-0.2256
2018-10-18T01:00:00Z,1539824400,,,0,-0.2164
2018-10-18T02:00:00Z,1539828000,,,0,-0.2286
2018-10-18T03:00:00Z,1539831600,,,0,-0.2774
2018-10-18T04:00:00Z,1539835200,,,0,-0.2774
2018-10-18T05:00:00Z,1539838800,,,0,-0.2926
2018-10-18T06:00:00Z,1539842400,,,0,-0.2957
2018-10-18T07:00:00Z,1539846000,,,0,-0.3231
2018-10-18T08:00:00Z,1539849600,,,0,-0.3231
2018-10-18T09:00:00Z,1539853200,,,0,-0.3383
2018-10-18T10:00:00Z,1539856800,,,0,-0.3078
2018-10-18T11:00:00Z,1539860400,,,0,-0.3231
2018-10-18T12:00:00Z,1539864000,,,0,-0.3139
2018-10-18T13:00:00Z,1539867600,,,0,-0.3627
2018-10-18T14:00:00Z,1539871200,,,0,-0.378
2018-10-18T15:00:00Z,1539874800,,,0,-0.4145
2018-10-18T16:00:00Z,1539878400,,,0,-0.4328
2018-10-18T17:00:00Z,1539882000,,,0,-0.4755
2018-10-18T18:00:00Z,1539885600,,,0,-0.4968
2018-10-18T19:00:00Z,1539889200,,,0,-0.506
2018-10-18T20:00:00Z,1539892800,,,0,-0.509
2018-10-18T21:00:00Z,1539896400,,,0,-0.4938
2018-10-18T22:00:00Z,1539900000,,,0,-0.4663
2018-10-18T23:00:00Z,1539903600,,,0,-0.4145
2018-10-19T00:00:00Z,1539907200,,,0,-0.378
2018-10-19T01:00:00Z,1539910800,,,0,-0.3353
2018-10-19T02:00:00Z,1539914400,,,0,-0.3292
2018-10-19T03:00:00Z,1539918000,,,0,-0.3353
2018-10-19T04:00:00Z,1539921600,,,0,-0.3322
2018-10-19T05:00:00Z,1539925200,,,0,-0.3475
2018-10-19T06:00:00Z,1539928800,,,0,-0.3719
2018-10-19T07:00:00Z,1539932400,,,0,-0.381
2018-10-19T08:00:00Z,1539936000,,,0,-0.3901
2018-10-19T09:00:00Z,1539939600,,,0,-0.4054
2018-10-19T10:00:00Z,1539943200,,,0,-0.3871
2018-10-19T11:00:00Z,1539946800,,,0,-0.3932
2018-10-19T12:00:00Z,1539950400,,,0,-0.3566
2018-10-19T13:00:00Z,1539954000,,,0,-0.3444
2018-10-19T14:00:00Z,1539957600,,,0,-0.3414
2018-10-19T16:00:00Z,1539964800,,,0,-0.3688
2018-10-19T17:00:00Z,1539968400,,,0,-0.3993
2018-10-19T18:00:00Z,1539972000,,,0,-0.4084
2018-10-19T19:00:00Z,1539975600,,,0,-0.4145
2018-10-19T20:00:00Z,1539979200,,,0,-0.4023
2018-10-19T21:00:00Z,1539982800,,,0,-0.384
2018-10-19T22:00:00Z,1539986400,,,0,-0.3719
2018-10-19T23:00:00Z,1539990000,,,0,-0.3383
2018-10-20T01:00:00Z,1539997200,,,0,-0.256
2018-10-20T02:00:00Z,1540000800,,,0,-0.2195
2018-10-20T03:00:00Z,1540004400,,,0,-0.2073
2018-10-20T04:00:00Z,1540008000,,,0,-0.2042
2018-10-20T05:00:00Z,1540011600,,,0,-0.2164
2018-10-20T06:00:00Z,1540015200,,,0,-0.2347
2018-10-20T07:00:00Z,1540018800,,,0,-0.2377
2018-10-20T08:00:00Z,1540022400,,,0,-0.2377
2018-10-20T09:00:00Z,1540026000,,,0,-0.2377
2018-10-20T10:00:00Z,1540029600,,,0,-0.2195
2018-10-20T11:00:00Z,1540033200,,,0,-0.189
2018-10-20T12:00:00Z,1540036800,,,0,-0.1768
2018-10-20T13:00:00Z,1540040400,,,0,-0.1524
2018-10-20T14:00:00Z,1540044000,,,0,-0.1463
2018-10-20T15:00:00Z,1540047600,,,0,-0.1463
2018-10-20T16:00:00Z,1540051200,,,0,-0.1615
2018-10-20T17:00:00Z,1540054800,,,0,-0.1676
2018-10-20T18:00:00Z,1540058400,,,0,-0.1554
2018-10-20T19:00:00Z,1540062000,,,0,-0.1768
2018-10-20T20:00:00Z,1540065600,,,0,-0.1737
2018-10-20T21:00:00Z,1540069200,,,0,-0.1463
2018-10-20T22:00:00Z,1540072800,,,0,-0.1219
2018-10-20T23:00:00Z,1540076400,,,0,-0.1006
2018-10-21T00:00:00Z,1540080000,,,0,-0.0518
2018-10-21T01:00:00Z,1540083600,,,0,-0.0061
2018-10-21T02:00:00Z,1540087200,,,0,0.0152
2018-10-21T03:00:00Z,1540090800,,,0,0.0518
2018-10-21T04:00:00Z,1540094400,,,0,0.0762
2018-10-21T05:00:00Z,1540098000,,,0,0.0823
2018-10-21T06:00:00Z,1540101600,,,0,0.0701
2018-10-21T07:00:00Z,1540105200,,,0,0.0518
2018-10-21T08:00:00Z,1540108800,,,0,0.0366
2018-10-21T09:00:00Z,1540112400,,,0,0.0335
2018-10-21T10:00:00Z,1540116000,,,0,0.0183
2018-10-21T11:00:00Z,1540119600,,,0,0.0366
2018-10-21T12:00:00Z,1540123200,,,0,0.0732
2018-10-21T13:00:00Z,1540126800,,,0,0.0914
2018-10-21T14:00:00Z,1540130400,,,0,0.0945
2018-10-21T15:00:00Z,1540134000,,,0,0.0914
2018-10-21T16:00:00Z,1540137600,,,0,0.0823
2018-10-21T17:00:00Z,1540141200,,,0,0.0549
2018-10-21T18:00:00Z,1540144800,,,0,0.0366
2018-10-21T19:00:00Z,1540148400,,,0,-0.0061
2018-10-21T20:00:00Z,1540152000,,,0,-0.0274
2018-10-21T21:00:00Z,1540155600,,,0,-0.0457
2018-10-21T22:00:00Z,1540159200,,,0,-0.0427
2018-10-21T23:00:00Z,1540162800,,,0,-0.0396
2018-10-22T00:00:00Z,1540166400,,,0,-0.0061
2018-10-22T01:00:00Z,1540170000,,,0,0.0396
2018-10-22T02:00:00Z,1540173600,,,0,0.061
2018-10-22T03:00:00Z,1540177200,,,0,0.0671
2018-10-22T05:00:00Z,1540184400,,,0,0.0366
2018-10-22T06:00:00Z,1540188000,,,0,-0.0183
2018-10-22T07:00:00Z,1540191600,,,0,-0.0732
2018-10-22T08:00:00Z,1540195200,,,0,-0.1097
2018-10-22T09:00:00Z,1540198800,,,0,-0.1554
2018-10-22T10:00:00Z,1540202400,,,0,-0.1981
2018-10-22T11:00:00Z,1540206000,,,0,-0.2438
2018-10-22T12:00:00Z,1540209600,,,0,-0.2865
2018-10-22T13:00:00Z,1540213200,,,0,-0.3139
2018-10-22T14:00:00Z,1540216800,,,0,-0.3383
2018-10-22T15:00:00Z,1540220400,,,0,-0.3444
2018-10-22T16:00:00Z,1540224000,,,0,-0.3597
2018-10-22T17:00:00Z,1540227600,,,0,-0.3962
2018-10-22T18:00:00Z,1540231200,,,0,-0.3993
2018-10-22T19:00:00Z,1540234800,,,0,-0.4054
2018-10-22T20:00:00Z,1540238400,,,0,-0.4389
2018-10-22T21:00:00Z,1540242000,,,0,-0.4572
2018-10-22T22:00:00Z,1540245600,,,0,-0.4724
2018-10-22T23:00:00Z,1540249200,,,0,-0.4694
2018-10-23T01:00:00Z,1540256400,,,0,-0.4663
2018-10-23T02:00:00Z,1540260000,,,0,-0.4572
2018-10-23T03:00:00Z,1540263600,,,0,-0.4237
2018-10-23T04:00:00Z,1540267200,,,0,-0.4054
2018-10-23T05:00:00Z,1540270800,,,0,-0.3932
2018-10-23T06:00:00Z,1540274400,,,0,-0.381
2018-10-23T07:00:00Z,1540278000,,,0,-0.3688
2018-10-23T08:00:00Z,1540281600,,,0,-0.3719
2018-10-23T09:00:00Z,1540285200,,,0,-0.3627
2018-10-23T10:00:00Z,1540288800,,,0,-0.3719
2018-10-23T11:00:00Z,1540292400,,,0,-0.3566
2018-10-23T12:00:00Z,1540296000,,,0,-0.3383
2018-10-23T13:00:00Z,1540299600,,,0,-0.3322
2018-10-23T14:00:00Z,1540303200,,,0,-0.2896
2018-10-23T15:00:00Z,1540306800,,,0,-0.2591
2018-10-23T16:00:00Z,1540310400,,,0,-0.2377
2018-10-23T17:00:00Z,1540314000,,,0,-0.256
2018-10-23T18:00:00Z,1540317600,,,0,-0.2499
2018-10-23T19:00:00Z,1540321200,,,0,-0.2926
2018-10-23T20:00:00Z,1540324800,,,0,-0.3261
2018-10-23T21:00:00Z,1540328400,,,0,-0.32
2018-10-23T22:00:00Z,1540332000,,,0,-0.3505
2018-10-23T23:00:00Z,1540335600,,,0,-0.3475
2018-10-24T00:00:00Z,1540339200,,,0,-0.3414
2018-10-24T01:00:00Z,1540342800,,,0,-0.3353
2018-10-24T02:00:00Z,1540346400,,,0,-0.3048
2018-10-24T03:00:00Z,1540350000,,,0,-0.256
2018-10-24T04:00:00Z,1540353600,,,0,-0.2225
2018-10-24T05:00:00Z,1540357200,,,0,-0.2042
2018-10-24T06:00:00Z,1540360800,,,0,-0.2256
2018-10-24T07:00:00Z,1540364400,,,0,-0.2316
2018-10-24T08:00:00Z,1540368000,,,0,-0.2256
2018-10-24T09:00:00Z,1540371600,,,0,-0.2408
2018-10-24T10:00:00Z,1540375200,,,0,-0.256
2018-10-24T11:00:00Z,1540378800,,,0,-0.2987
2018-10-24T12:00:00Z,1540382400,,,0,-0.3048
2018-10-24T13:00:00Z,1540386000,,,0,-0.3383
2018-10-24T14:00:00Z,1540389600,,,0,-0.3566
2018-10-24T15:00:00Z,1540393200,,,0,-0.3353
2018-10-24T16:00:00Z,1540396800,,,0,-0.3505
2018-10-24T17:00:00Z,1540400400,,,0,-0.3536
2018-10-24T18:00:00Z,1540404000,,,0,-0.3749
2018-10-24T19:00:00Z,1540407600,,,0,-0.381
2018-10-24T20:00:00Z,1540411200,,,0,-0.3901
2018-10-24T21:00:00Z,1540414800,,,0,-0.4328
2018-10-24T22:00:00Z,1540418400,,,0,-0.3962
2018-10-24T23:00:00Z,1540422000,,,0,-0.4054
2018-10-25T00:00:00Z,1540425600,,,0,-0.3627
2018-10-25T01:00:00Z,1540429200,,,0,-0.32
2018-10-25T02:00:00Z,1540432800,,,0,-0.256
2018-10-25T03:00:00Z,1540436400,,,0,-0.2164
2018-10-25T04:00:00Z,1540440000,,,0,-0.1554
2018-10-25T05:00:00Z,1540443600,,,0,-0.0975
2018-10-25T06:00:00Z,1540447200,,,0,-0.064
2018-10-25T07:00:00Z,1540450800,,,0,-0.0579
2018-10-25T08:00:00Z,1540454400,,,0,-0.0579
2018-10-25T09:00:00Z,1540458000,,,0,-0.0701
2018-10-25T10:00:00Z,1540461600,,,0,-0.0579
2018-10-25T11:00:00Z,1540465200,,,0,-0.064
2018-10-25T12:00:00Z,1540468800,,,0,-0.0853
2018-10-25T13:00:00Z,1540472400,,,0,-0.0762
2018-10-25T14:00:00Z,1540476000,,,0,-0.0366
2018-10-25T15:00:00Z,1540479600,,,0,-0.0213
2018-10-25T16:00:00Z,1540483200,,,0,-0.0122
2018-10-25T17:00:00Z,1540486800,,,0,0.0061
2018-10-25T18:00:00Z,1540490400,,,0,0.0152
2018-10-25T19:00:00Z,1540494000,,,0,-0.0122
2018-10-25T20:00:00Z,1540497600,,,0,-0.064
2018-10-25T21:00:00Z,1540501200,,,0,-0.0853
2018-10-25T22:00:00Z,1540504800,,,0,-0.1036
2018-10-25T23:00:00Z,1540508400,,,0,-0.1433
2018-10-26T01:00:00Z,1540515600,,,0,-0.1463
2018-10-26T02:00:00Z,1540519200,,,0,-0.1219
2018-10-26T03:00:00Z,1540522800,,,0,-0.1067
2018-10-26T04:00:00Z,1540526400,,,0,-0.0945
2018-10-26T05:00:00Z,1540530000,,,0,-0.1036
2018-10-26T06:00:00Z,1540533600,,,0,-0.1158
2018-10-26T07:00:00Z,1540537200,,,0,-0.128
2018-10-26T08:00:00Z,1540540800,,,0,-0.1585
2018-10-26T09:00:00Z,1540544400,,,0,-0.1859
2018-10-26T10:00:00Z,1540548000,,,0,-0.2286
2018-10-26T11:00:00Z,1540551600,,,0,-0.2469
2018-10-26T12:00:00Z,1540555200,,,0,-0.2713
2018-10-26T13:00:00Z,1540558800,,,0,-0.317
2018-10-26T14:00:00Z,1540562400,,,0,-0.381
2018-10-26T15:00:00Z,1540566000,,,0,-0.3475
2018-10-26T16:00:00Z,1540569600,,,0,-0.3353
2018-10-26T17:00:00Z,1540573200,,,0,-0.3597
2018-10-26T18:00:00Z,1540576800,,,0,-0.3536
2018-10-26T19:00:00Z,1540580400,,,0,-0.4176
2018-10-26T20:00:00Z,1540584000,,,0,-0.4298
2018-10-26T21:00:00Z,1540587600,,,0,-0.4511
2018-10-26T22:00:00Z,1540591200,,,0,-0.4755
2018-10-26T23:00:00Z,1540594800,,,0,-0.4968
2018-10-27T00:00:00Z,1540598400,,,0,-0.5121
2018-10-27T01:00:00Z,1540602000,,,0,-0.5182
2018-10-27T02:00:00Z,1540605600,,,0,-0.5029
2018-10-27T03:00:00Z,1540609200,,,0,-0.4938
2018-10-27T04:00:00Z,1540612800,,,0,-0.4755
2018-10-27T05:00:00Z,1540616400,,,0,-0.4237
2018-10-27T06:00:00Z,1540620000,,,0,-0.4267
2018-10-27T07:00:00Z,1540623600,,,0,-0.445
2018-10-27T08:00:00Z,1540627200,,,0,-0.4481
2018-10-27T09:00:00Z,1540630800,,,0,-0.4663
2018-10-27T10:00:00Z,1540634400,,,0,-0.4999
2018-10-27T11:00:00Z,1540638000,,,0,-0.5121
2018-10-27T12:00:00Z,1540641600,,,0,-0.5486
2018-10-27T13:00:00Z,1540645200,,,0,-0.5761
2018-10-27T14:00:00Z,1540648800,,,0,-0.5974
2018-10-27T15:00:00Z,1540652400,,,0,-0.6187
2018-10-27T16:00:00Z,1540656000,,,0,-0.637
2018-10-27T17:00:00Z,1540659600,,,0,-0.6309
2018-10-27T18:00:00Z,1540663200,,,0,-0.6157
2018-10-27T19:00:00Z,1540666800,,,0,-0.6187
2018-10-27T20:00:00Z,1540670400,,,0,-0.6157
2018-10-27T21:00:00Z,1540674000,,,0,-0.6187
2018-10-27T22:00:00Z,1540677600,,,0,-0.6401
2018-10-27T23:00:00Z,1540681200,,,0,-0.637
2018-10-28T00:00:00Z,1540684800,,,0,-0.6553
2018-10-28T01:00:00Z,1540688400,,,0,-0.6767
2018-10-28T02:00:00Z,1540692000,,,0,-0.6584
2018-10-28T03:00:00Z,1540695600,,,0,-0.6523
2018-10-28T04:00:00Z,1540699200,,,0,-0.6431
2018-10-28T05:00:00Z,1540702800,,,0,-0.6157
2018-10-28T06:00:00Z,1540706400,,,0,-0.5791
2018-10-28T07:00:00Z,1540710000,,,0,-0.5334
2018-10-28T08:00:00Z,1540713600,,,0,-0.4907
2018-10-28T09:00:00Z,1540717200,,,0,-0.4785
2018-10-28T10:00:00Z,1540720800,,,0,-0.4602
2018-10-28T11:00:00Z,1540724400,,,0,-0.4633
2018-10-28T12:00:00Z,1540728000,,,0,-0.4542
2018-10-28T13:00:00Z,1540731600,,,0,-0.4481
2018-10-28T14:00:00Z,1540735200,,,0,-0.445
2018-10-28T15:00:00Z,1540738800,,,0,-0.442
2018-10-28T16:00:00Z,1540742400,,,0,-0.4145
2018-10-28T17:00:00Z,1540746000,,,0,-0.381
2018-10-28T18:00:00Z,1540749600,,,0,-0.3383
2018-10-28T19:00:00Z,1540753200,,,0,-0.3109
2018-10-28T20:00:00Z,1540756800,,,0,-0.2957
2018-10-28T21:00:00Z,1540760400,,,0,-0.2713
2018-10-28T22:00:00Z,1540764000,,,0,-0.256
2018-10-28T23:00:00Z,1540767600,,,0,-0.2408
2018-10-29T01:00:00Z,1540774800,,,0,-0.2377
2018-10-29T02:00:00Z,1540778400,,,0,-0.2347
2018-10-29T03:00:00Z,1540782000,,,0,-0.2225
2018-10-29T04:00:00Z,1540785600,,,0,-0.1798
2018-10-29T05:00:00Z,1540789200,,,0,-0.1341
2018-10-29T06:00:00Z,1540792800,,,0,-0.0914
2018-10-29T07:00:00Z,1540796400,,,0,0.9936
2018-10-29T08:00:00Z,1540800000,,,0,-0.0396
2018-10-29T09:00:00Z,1540803600,,,0,-0.0396
2018-10-29T10:00:00Z,1540807200,,,0,-0.0488
2018-10-29T11:00:00Z,1540810800,,,0,-0.061
2018-10-29T12:00:00Z,1540814400,,,0,-0.1128
2018-10-29T13:00:00Z,1540818000,,,0,-0.1341
2018-10-29T14:00:00Z,1540821600,,,0,-0.1554
2018-10-29T15:00:00Z,1540825200,,,0,-0.1585
2018-10-29T16:00:00Z,1540828800,,,0,-0.1585
2018-10-29T17:00:00Z,1540832400,,,0,-0.1341
2018-10-29T18:00:00Z,1540836000,,,0,-0.1128
2018-10-29T19:00:00Z,1540839600,,,0,-0.1006
2018-10-29T20:00:00Z,1540843200,,,0,-0.1006
2018-10-29T21:00:00Z,1540846800,,,0,-0.0945
2018-10-29T22:00:00Z,1540850400,,,0,-0.1189
2018-10-29T23:00:00Z,1540854000,,,0,-0.1341
2018-10-30T00:00:00Z,1540857600,,,0,-0.1798
2018-10-30T01:00:00Z,1540861200,,,0,-0.2042
2018-10-30T02:00:00Z,1540864800,,,0,-0.2195
2018-10-30T03:00:00Z,1540868400,,,0,-0.253
2018-10-30T04:00:00Z,1540872000,,,0,-0.2713
2018-10-30T05:00:00Z,1540875600,,,0,-0.2499
2018-10-30T06:00:00Z,1540879200,,,0,-0.2377
2018-10-30T07:00:00Z,1540882800,,,0,-0.2377
2018-10-30T08:00:00Z,1540886400,,,0,-0.2195
2018-10-30T09:00:00Z,1540890000,,,0,-0.2316
2018-10-30T10:00:00Z,1540893600,,,0,-0.2469
2018-10-30T11:00:00Z,1540897200,,,0,-0.2957
2018-10-30T12:00:00Z,1540900800,,,0,-0.3292
2018-10-30T13:00:00Z,1540904400,,,0,-0.3688
2018-10-30T14:00:00Z,1540908000,,,0,-0.4054
2018-10-30T15:00:00Z,1540911600,,,0,-0.4663
2018-10-30T16:00:00Z,1540915200,,,0,-0.5121
2018-10-30T17:00:00Z,1540918800,,,0,-0.5273
2018-10-30T18:00:00Z,1540922400,,,0,-0.509
2018-10-30T19:00:00Z,1540926000,,,0,-0.5182
2018-10-30T20:00:00Z,1540929600,,,0,-0.4846
2018-10-30T21:00:00Z,1540933200,,,0,-0.4694
2018-10-30T22:00:00Z,1540936800,,,0,-0.4511
2018-10-30T23:00:00Z,1540940400,,,0,-0.4389
2018-10-31T00:00:00Z,1540944000,,,0,-0.4115
2018-10-31T01:00:00Z,1540947600,,,0,-0.3932
2018-10-31T02:00:00Z,1540951200,,,0,-0.3719
2018-10-31T03:00:00Z,1540954800,,,0,-0.3536
2018-10-31T04:00:00Z,1540958400,,,0,-0.3078
2018-10-31T05:00:00Z,1540962000,,,0,-0.2682
2018-10-31T06:00:00Z,1540965600,,,0,-0.2347
2018-10-31T07:00:00Z,1540969200,,,0,-0.2042
2018-10-31T08:00:00Z,1540972800,,,0,-0.1676
2018-10-31T09:00:00Z,1540976400,,,0,-0.1372
2018-10-31T10:00:00Z,1540980000,,,0,-0.1219
2018-10-31T11:00:00Z,1540983600,,,0,-0.1189
2018-10-31T12:00:00Z,1540987200,,,0,-0.1311
2018-10-31T13:00:00Z,1540990800,,,0,-0.1524
2018-10-31T14:00:00Z,1540994400,,,0,-0.1676
2018-10-31T15:00:00Z,1540998000,,,0,-0.1737
2018-10-31T16:00:00Z,1541001600,,,0,-0.1859
2018-10-31T17:00:00Z,1541005200,,,0,-0.1951
2018-10-31T18:00:00Z,1541008800,,,0,-0.1951
2018-10-31T19:00:00Z,1541012400,,,0,-0.1859
2018-10-31T20:00:00Z,1541016000,,,0,-0.192
2018-10-31T21:00:00Z,1541019600,,,0,-0.2012
2018-10-31T22:00:00Z,1541023200,,,0,-0.189
2018-10-31T23:00:00Z,1541026800,,,0,-0.1859
2018-11-01T01:00:00Z,1541034000,,,0,-0.1798
2018-11-01T02:00:00Z,1541037600,,,0,-0.1646
2018-11-01T03:00:00Z,1541041200,,,0,-0.1433
2018-11-01T04:00:00Z,1541044800,,,0,-0.0914
2018-11-01T05:00:00Z,1541048400,,,0,-0.0579
2018-11-01T06:00:00Z,1541052000,,,0,-0.0152
2018-11-01T07:00:00Z,1541055600,,,0,0.0274
2018-11-01T08:00:00Z,1541059200,,,0,0.0792
2018-11-01T09:00:00Z,1541062800,,,0,0.125
2018-11-01T10:00:00Z,1541066400,,,0,0.1463
2018-11-01T11:00:00Z,1541070000,,,0,0.1494
2018-11-01T12:00:00Z,1541073600,,,0,0.1158
2018-11-01T13:00:00Z,1541077200,,,0,0.0945
2018-11-01T14:00:00Z,1541080800,,,0,0.0762
2018-11-01T15:00:00Z,1541084400,,,0,0.0396
2018-11-01T16:00:00Z,1541088000,,,0,0.0274
2018-11-01T17:00:00Z,1541091600,,,0,0.0091
2018-11-01T18:00:00Z,1541095200,,,0,0.0152
2018-11-01T19:00:00Z,1541098800,,,0,0.0305
2018-11-01T20:00:00Z,1541102400,,,0,0.064
2018-11-01T21:00:00Z,1541106000,,,0,0.0975
2018-11-01T22:00:00Z,1541109600,,,0,0.1189
2018-11-01T23:00:00Z,1541113200,,,0,0.1372
2018-11-02T00:00:00Z,1541116800,,,0,0.1463
2018-11-02T01:00:00Z,1541120400,,,0,0.1463
2018-11-02T02:00:00Z,1541124000,,,0,0.1433
2018-11-02T03:00:00Z,1541127600,,,0,0.1341
2018-11-02T04:00:00Z,1541131200,,,0,0.125
2018-11-02T05:00:00Z,1541134800,,,0,0.1311
2018-11-02T06:00:00Z,1541138400,,,0,0.1524
2018-11-02T07:00:00Z,1541142000,,,0,0.1615
2018-11-02T08:00:00Z,1541145600,,,0,0.1798
2018-11-02T09:00:00Z,1541149200,,,0,0.1859
2018-11-02T10:00:00Z,1541152800,,,0,0.2073
2018-11-02T11:00:00Z,1541156400,,,0,0.2103
2018-11-02T12:00:00Z,1541160000,,,0,0.1798
2018-11-02T13:00:00Z,1541163600,,,0,0.1463
2018-11-02T14:00:00Z,1541167200,,,0,0.1067
2018-11-02T15:00:00Z,1541170800,,,0,0.0762
2018-11-02T16:00:00Z,1541174400,,,0,0.0457
2018-11-02T17:00:00Z,1541178000,,,0,0.0305
2018-11-02T18:00:00Z,1541181600,,,0,0.0183
2018-11-02T19:00:00Z,1541185200,,,0,0.0183
2018-11-02T20:00:00Z,1541188800,,,0,0.0366
2018-11-02T21:00:00Z,1541192400,,,0,0.0671
2018-11-02T22:00:00Z,1541196000,,,0,0.0975
2018-11-02T23:00:00Z,1541199600,,,0,0.1006
2018-11-03T01:00:00Z,1541206800,,,0,0.1189
2018-11-03T02:00:00Z,1541210400,,,0,0.0914
2018-11-03T03:00:00Z,1541214000,,,0,0.0457
2018-11-03T04:00:00Z,1541217600,,,0,0.0152
2018-11-03T05:00:00Z,1541221200,,,0,-0.0061
2018-11-03T06:00:00Z,1541224800,,,0,-0.0244
2018-11-03T07:00:00Z,1541228400,,,0,-0.0335
2018-11-03T08:00:00Z,1541232000,,,0,-0.0335
2018-11-03T09:00:00Z,1541235600,,,0,-0.0366
2018-11-03T10:00:00Z,1541239200,,,0,-0.0213
2018-11-03T11:00:00Z,1541242800,,,0,0.0061
2018-11-03T12:00:00Z,1541246400,,,0,0.0183
2018-11-03T13:00:00Z,1541250000,,,0,0.003
2018-11-03T14:00:00Z,1541253600,,,0,-0.0091
2018-11-03T15:00:00Z,1541257200,,,0,-0.0152
2018-11-03T16:00:00Z,1541260800,,,0,-0.0427
2018-11-03T17:00:00Z,1541264400,,,0,-0.0701
2018-11-03T18:00:00Z,1541268000,,,0,-0.0853
2018-11-03T19:00:00Z,1541271600,,,0,-0.1158
2018-11-03T20:00:00Z,1541275200,,,0,-0.1158
2018-11-03T21:00:00Z,1541278800,,,0,-0.1189
2018-11-03T22:00:00Z,1541282400,,,0,-0.1128
2018-11-03T23:00:00Z,1541286000,,,0,-0.0884
2018-11-04T01:00:00Z,1541293200,,,0,-0.0579
2018-11-04T02:00:00Z,1541296800,,,0,-0.0396
2018-11-04T03:00:00Z,1541300400,,,0,-0.0396
2018-11-04T04:00:00Z,1541304000,,,0,-0.0488
2018-11-04T05:00:00Z,1541307600,,,0,-0.0366
2018-11-04T06:00:00Z,1541311200,,,0,-0.0213
2018-11-04T07:00:00Z,1541314800,,,0,-0.0091
2018-11-04T08:00:00Z,1541318400,,,0,-0.003
2018-11-04T09:00:00Z,1541322000,,,0,0.0701
2018-11-04T10:00:00Z,1541325600,,,0,0.0366
2018-11-04T11:00:00Z,1541329200,,,0,0.1067
2018-11-04T12:00:00Z,1541332800,,,0,0.1463
2018-11-04T13:00:00Z,1541336400,,,0,0.1494
2018-11-04T14:00:00Z,1541340000,,,0,0.1402
2018-11-04T15:00:00Z,1541343600,,,0,0.125
2018-11-04T16:00:00Z,1541347200,,,0,0.1097
2018-11-04T17:00:00Z,1541350800,,,0,0.0762
2018-11-04T18:00:00Z,1541354400,,,0,0.0488
2018-11-04T19:00:00Z,1541358000,,,0,0.0305
2018-11-04T20:00:00Z,1541361600,,,0,0.0244
2018-11-04T21:00:00Z,1541365200,,,0,0.0366
2018-11-04T22:00:00Z,1541368800,,,0,0.0792
2018-11-04T23:00:00Z,1541372400,,,0,0.1006
2018-11-05T00:00:00Z,1541376000,,,0,0.125
2018-11-05T01:00:00Z,1541379600,,,0,0.1646
2018-11-05T02:00:00Z,1541383200,,,0,0.1951
2018-11-05T03:00:00Z,1541386800,,,0,0.2195
2018-11-05T04:00:00Z,1541390400,,,0,0.2316
2018-11-05T05:00:00Z,1541394000,,,0,0.2134
2018-11-05T06:00:00Z,1541397600,,,0,0.192
2018-11-05T07:00:00Z,1541401200,,,0,0.1859
2018-11-05T08:00:00Z,1541404800,,,0,0.1737
2018-11-05T09:00:00Z,1541408400,,,0,0.1554
2018-11-05T10:00:00Z,1541412000,,,0,0.1615
2018-11-05T11:00:00Z,1541415600,,,0,0.1676
2018-11-05T12:00:00Z,1541419200,,,0,0.1829
2018-11-05T13:00:00Z,1541422800,,,0,0.1859
2018-11-05T14:00:00Z,1541426400,,,0,0.1859
2018-11-05T15:00:00Z,1541430000,,,0,0.1615
2018-11-05T16:00:00Z,1541433600,,,0,0.128
2018-11-05T17:00:00Z,1541437200,,,0,0.1036
2018-11-05T18:00:00Z,1541440800,,,0,0.0671
2018-11-05T19:00:00Z,1541444400,,,0,0.0396
2018-11-05T20:00:00Z,1541448000,,,0,0.0122
2018-11-05T21:00:00Z,1541451600,,,0,-0.003
2018-11-05T22:00:00Z,1541455200,,,0,0.003
2018-11-05T23:00:00Z,1541458800,,,0,0.0152
2018-11-06T00:00:00Z,1541462400,,,0,0.0396
2018-11-06T01:00:00Z,1541466000,,,0,0.064
2018-11-06T02:00:00Z,1541469600,,,0,0.0884
2018-11-06T03:00:00Z,1541473200,,,0,0.1006
2018-11-06T04:00:00Z,1541476800,,,0,0.0914
2018-11-06T05:00:00Z,1541480400,,,0,0.0823
2018-11-06T06:00:00Z,1541484000,,,0,0.0427
2018-11-06T07:00:00Z,1541487600,,,0,0.0213
2018-11-06T08:00:00Z,1541491200,,,0,0
2018-11-06T09:00:00Z,1541494800,,,0,-0.0213
2018-11-06T10:00:00Z,1541498400,,,0,-0.0335
2018-11-06T11:00:00Z,1541502000,,,0,-0.0335
2018-11-06T12:00:00Z,1541505600,,,0,-0.0427
2018-11-06T13:00:00Z,1541509200,,,0,-0.0274
2018-11-06T14:00:00Z,1541512800,,,0,-0.0244
2018-11-06T15:00:00Z,1541516400,,,0,-0.0183
2018-11-06T16:00:00Z,1541520000,,,0,-0.0244
2018-11-06T17:00:00Z,1541523600,,,0,-0.0305
2018-11-06T18:00:00Z,1541527200,,,0,-0.0274
2018-11-06T19:00:00Z,1541530800,,,0,-0.0427
2018-11-06T20:00:00Z,1541534400,,,0,-0.0396
2018-11-06T21:00:00Z,1541538000,,,0,-0.0732
2018-11-06T22:00:00Z,1541541600,,,0,-0.003
2018-11-06T23:00:00Z,1541545200,,,0,0.0457
2018-11-07T00:00:00Z,1541548800,,,0,0.064
2018-11-07T01:00:00Z,1541552400,,,0,0.1158
2018-11-07T02:00:00Z,1541556000,,,0,0.1433
2018-11-07T03:00:00Z,1541559600,,,0,0.2347
2018-11-07T04:00:00Z,1541563200,,,0,0.317
2018-11-07T05:00:00Z,1541566800,,,0,0.3536
2018-11-07T06:00:00Z,1541570400,,,0,0.381
2018-11-07T07:00:00Z,1541574000,,,0,0.3383
2018-11-07T08:00:00Z,1541577600,,,0,0.3414
2018-11-07T09:00:00Z,1541581200,,,0,0.3566
2018-11-07T10:00:00Z,1541584800,,,0,0.378
2018-11-07T11:00:00Z,1541588400,,,0,0.3871
2018-11-07T12:00:00Z,1541592000,,,0,0.3932
2018-11-07T13:00:00Z,1541595600,,,0,0.4145
2018-11-07T14:00:00Z,1541599200,,,0,0.4389
2018-11-07T15:00:00Z,1541602800,,,0,0.4237
2018-11-07T16:00:00Z,1541606400,,,0,0.4023
2018-11-07T17:00:00Z,1541610000,,,0,0.3658
2018-11-07T18:00:00Z,1541613600,,,0,0.3566
2018-11-07T19:00:00Z,1541617200,,,0,0.3109
2018-11-07T20:00:00Z,1541620800,,,0,0.1798
2018-11-07T21:00:00Z,1541624400,,,0,0.1494
2018-11-07T22:00:00Z,1541628000,,,0,0.128
2018-11-07T23:00:00Z,1541631600,,,0,0.1097
2018-11-08T00:00:00Z,1541635200,,,0,0.1219
2018-11-08T01:00:00Z,1541638800,,,0,0.1768
2018-11-08T02:00:00Z,1541642400,,,0,0.2591
2018-11-08T03:00:00Z,1541646000,,,0,0.2987
2018-11-08T04:00:00Z,1541649600,,,0,0.381
2018-11-08T05:00:00Z,1541653200,,,0,0.3932
2018-11-08T06:00:00Z,1541656800,,,0,0.4084
2018-11-08T07:00:00Z,1541660400,,,0,0.3871
2018-11-08T08:00:00Z,1541664000,,,0,0.3231
2018-11-08T09:00:00Z,1541667600,,,0,0.2804
2018-11-08T10:00:00Z,1541671200,,,0,0.2499
2018-11-08T11:00:00Z,1541674800,,,0,0.2103
2018-11-08T12:00:00Z,1541678400,,,0,0.1707
2018-11-08T13:00:00Z,1541682000,,,0,0.1463
2018-11-08T14:00:00Z,1541685600,,,0,0.1463
2018-11-08T15:00:00Z,1541689200,,,0,0.1402
2018-11-08T16:00:00Z,1541692800,,,0,0.1311
2018-11-08T17:00:00Z,1541696400,,,0,0.1219
2018-11-08T18:00:00Z,1541700000,,,0,0.1036
2018-11-08T19:00:00Z,1541703600,,,0,0.0701
2018-11-08T20:00:00Z,1541707200,,,0,0.0396
2018-11-08T21:00:00Z,1541710800,,,0,0.0152
2018-11-08T22:00:00Z,1541714400,,,0,0.0061
2018-11-08T23:00:00Z,1541718000,,,0,0
2018-11-09T00:00:00Z,1541721600,,,0,0.0061
2018-11-09T01:00:00Z,1541725200,,,0,0.0244
2018-11-09T02:00:00Z,1541728800,,,0,0.0823
2018-11-09T03:00:00Z,1541732400,,,0,0.1311
2018-11-09T04:00:00Z,1541736000,,,0,0.189
2018-11-09T05:00:00Z,1541739600,,,0,0.2134
2018-11-09T06:00:00Z,1541743200,,,0,0.2225
2018-11-09T07:00:00Z,1541746800,,,0,0.2103
2018-11-09T08:00:00Z,1541750400,,,0,0.1981
2018-11-09T09:00:00Z,1541754000,,,0,0.1524
2018-11-09T10:00:00Z,1541757600,,,0,0.1036
2018-11-09T11:00:00Z,1541761200,,,0,0.0762
2018-11-09T12:00:00Z,1541764800,,,0,0.0305
2018-11-09T13:00:00Z,1541768400,,,0,0.003
2018-11-09T14:00:00Z,1541772000,,,0,-0.0213
2018-11-09T15:00:00Z,1541775600,,,0,-0.0274
2018-11-09T16:00:00Z,1541779200,,,0,-0.0335
2018-11-09T17:00:00Z,1541782800,,,0,-0.0396
2018-11-09T18:00:00Z,1541786400,,,0,-0.064
2018-11-09T19:00:00Z,1541790000,,,0,-0.0823
2018-11-09T20:00:00Z,1541793600,,,0,-0.1219
2018-11-09T21:00:00Z,1541797200,,,0,-0.1433
2018-11-09T22:00:00Z,1541800800,,,0,-0.1676
2018-11-09T23:00:00Z,1541804400,,,0,-0.1829
2018-11-10T00:00:00Z,1541808000,,,0,-0.1859
2018-11-10T01:00:00Z,1541811600,,,0,-0.1829
2018-11-10T02:00:00Z,1541815200,,,0,-0.1615
2018-11-10T03:00:00Z,1541818800,,,0,-0.128
2018-11-10T04:00:00Z,1541822400,,,0,-0.0792
2018-11-10T05:00:00Z,1541826000,,,0,-0.0457
2018-11-10T06:00:00Z,1541829600,,,0,-0.0213
2018-11-10T07:00:00Z,1541833200,,,0,0.0213
2018-11-10T08:00:00Z,1541836800,,,0,0.0305
2018-11-10T09:00:00Z,1541840400,,,0,0.0244
2018-11-10T10:00:00Z,1541844000,,,0,0.0366
2018-11-10T11:00:00Z,1541847600,,,0,0.1128
2018-11-10T12:00:00Z,1541851200,,,0,0.1128
2018-11-10T13:00:00Z,1541854800,,,0,0.1707
2018-11-10T14:00:00Z,1541858400,,,0,0.2164
2018-11-10T15:00:00Z,1541862000,,,0,0.317
2018-11-10T16:00:00Z,1541865600,,,0,0.4328
2018-11-10T17:00:00Z,1541869200,,,0,0.5243
2018-11-10T18:00:00Z,1541872800,,,0,0.5273
2018-11-10T19:00:00Z,1541876400,,,0,0.5913
2018-11-10T20:00:00Z,1541880000,,,0,0.6401
2018-11-10T21:00:00Z,1541883600,,,0,0.6553
2018-11-10T22:00:00Z,1541887200,,,0,0.6584
2018-11-10T23:00:00Z,1541890800,,,0,0.6309
2018-11-11T00:00:00Z,1541894400,,,0,0.6066
2018-11-11T01:00:00Z,1541898000,,,0,0.5791
2018-11-11T02:00:00Z,1541901600,,,0,0.5578
2018-11-11T03:00:00Z,1541905200,,,0,0.5456
2018-11-11T04:00:00Z,1541908800,,,0,0.5456
2018-11-11T05:00:00Z,1541912400,,,0,0.5334
2018-11-11T06:00:00Z,1541916000,,,0,0.5121
2018-11-11T07:00:00Z,1541919600,,,0,0.4694
2018-11-11T08:00:00Z,1541923200,,,0,0.4267
2018-11-11T09:00:00Z,1541926800,,,0,0.3749
2018-11-11T10:00:00Z,1541930400,,,0,0.32
2018-11-11T11:00:00Z,1541934000,,,0,0.2682
2018-11-11T12:00:00Z,1541937600,,,0,0.2286
2018-11-11T13:00:00Z,1541941200,,,0,0.1951
2018-11-11T14:00:00Z,1541944800,,,0,0.1676
2018-11-11T15:00:00Z,1541948400,,,0,0.1524
2018-11-11T16:00:00Z,1541952000,,,0,0.1433
2018-11-11T17:00:00Z,1541955600,,,0,0.1402
2018-11-11T18:00:00Z,1541959200,,,0,0.1311
2018-11-11T19:00:00Z,1541962800,,,0,0.1067
2018-11-11T20:00:00Z,1541966400,,,0,0.064
2018-11-11T21:00:00Z,1541970000,,,0,0.0152
2018-11-11T22:00:00Z,1541973600,,,0,-0.0335
2018-11-11T23:00:00Z,1541977200,,,0,-0.0823
2018-11-12T00:00:00Z,1541980800,,,0,-0.1311
2018-11-12T01:00:00Z,1541984400,,,0,-0.1707
2018-11-12T02:00:00Z,1541988000,,,0,-0.2103
2018-11-12T03:00:00Z,1541991600,,,0,-0.2408
2018-11-12T04:00:00Z,1541995200,,,0,-0.256
2018-11-12T05:00:00Z,1541998800,,,0,-0.2682
2018-11-12T06:00:00Z,1542002400,,,0,-0.2774
2018-11-12T07:00:00Z,1542006000,,,0,-0.2835
2018-11-12T08:00:00Z,1542009600,,,0,-0.2926
2018-11-12T09:00:00Z,1542013200,,,0,-0.3018
2018-11-12T10:00:00Z,1542016800,,,0,-0.3109
2018-11-12T11:00:00Z,1542020400,,,0,-0.3261
2018-11-12T12:00:00Z,1542024000,,,0,-0.3383
2018-11-12T13:00:00Z,1542027600,,,0,-0.3505
2018-11-12T14:00:00Z,1542031200,,,0,0.762
2018-11-12T15:00:00Z,1542034800,,,0,-0.3901
2018-11-12T17:00:00Z,1542042000,,,0,-0.4755
2018-11-12T18:00:00Z,1542045600,,,0,-0.5182
2018-11-12T19:00:00Z,1542049200,,,0,-0.5395
2018-11-12T20:00:00Z,1542052800,,,0,-0.5578
2018-11-12T21:00:00Z,1542056400,,,0,-0.5761
2018-11-12T22:00:00Z,1542060000,,,0,-0.5883
2018-11-12T23:00:00Z,1542063600,,,0,-0.5974
2018-11-13T01:00:00Z,1542070800,,,0,-0.6126
2018-11-13T02:00:00Z,1542074400,,,0,-0.6157
2018-11-13T03:00:00Z,1542078000,,,0,-0.6218
2018-11-13T06:00:00Z,1542088800,,,0,-0.6279
2018-11-13T08:00:00Z,1542096000,,,0,0.57
2018-11-13T09:00:00Z,1542099600,,,0,-0.6218
2018-11-13T10:00:00Z,1542103200,,,0,-0.6309
2018-11-13T11:00:00Z,1542106800,,,0,-0.6248
2018-11-13T13:00:00Z,1542114000,,,0,-0.637
2018-11-13T14:00:00Z,1542117600,,,0,0.5578
2018-11-13T15:00:00Z,1542121200,,,0,-0.6431
2018-11-13T17:00:00Z,1542128400,,,0,-0.6614
2018-11-13T18:00:00Z,1542132000,,,0,-0.6584
2018-11-13T19:00:00Z,1542135600,,,0,-0.6675
2018-11-13T20:00:00Z,1542139200,,,0,-0.6584
2018-11-13T21:00:00Z,1542142800,,,0,-0.6584
2018-11-13T22:00:00Z,1542146400,,,0,-0.6614
2018-11-13T23:00:00Z,1542150000,,,0,-0.6645
2018-11-14T00:00:00Z,1542153600,,,0,-0.6645
2018-11-14T01:00:00Z,1542157200,,,0,-0.6645
2018-11-14T02:00:00Z,1542160800,,,0,-0.6706
2018-11-14T03:00:00Z,1542164400,,,0,-0.6645
2018-11-14T04:00:00Z,1542168000,,,0,-0.6645
2018-11-14T05:00:00Z,1542171600,,,0,-0.6645
2018-11-14T06:00:00Z,1542175200,,,0,-0.6614
2018-11-14T07:00:00Z,1542178800,,,0,-0.6553
2018-11-14T08:00:00Z,1542182400,,,0,-0.6492
2018-11-14T09:00:00Z,1542186000,,,0,-0.6431
2018-11-14T10:00:00Z,1542189600,,,0,-0.637
2018-11-14T11:00:00Z,1542193200,,,0,-0.6309
2018-11-14T12:00:00Z,1542196800,,,0,-0.6279
2018-11-14T13:00:00Z,1542200400,,,0,-0.6187
2018-11-14T14:00:00Z,1542204000,,,0,-0.6157
2018-11-14T15:00:00Z,1542207600,,,0,-0.6096
2018-11-14T16:00:00Z,1542211200,,,0,-0.6066
2018-11-14T17:00:00Z,1542214800,,,0,-0.6005
2018-11-14T18:00:00Z,1542218400,,,0,-0.5944
2018-11-14T19:00:00Z,1542222000,,,0,-0.5883
2018-11-14T20:00:00Z,1542225600,,,0,0.6066
2018-11-14T21:00:00Z,1542229200,,,0,-0.57
2018-11-14T22:00:00Z,1542232800,,,0,-0.5547
2018-11-14T23:00:00Z,1542236400,,,0,-0.5395
2018-11-15T01:00:00Z,1542243600,,,0,-0.5121
2018-11-15T02:00:00Z,1542247200,,,0,-0.5029
2018-11-15T03:00:00Z,1542250800,,,0,-0.4968
2018-11-15T04:00:00Z,1542254400,,,0,-0.4785
2018-11-15T05:00:00Z,1542258000,,,0,-0.4633
2018-11-15T06:00:00Z,1542261600,,,0,-0.4481
2018-11-15T07:00:00Z,1542265200,,,0,-0.4328
2018-11-15T08:00:00Z,1542268800,,,0,-0.3932
2018-11-15T09:00:00Z,1542272400,,,0,-0.3566
2018-11-15T10:00:00Z,1542276000,,,0,-0.3292
2018-11-15T11:00:00Z,1542279600,,,0,-0.317
2018-11-15T12:00:00Z,1542283200,,,0,-0.3109
2018-11-15T13:00:00Z,1542286800,,,0,-0.3139
2018-11-15T14:00:00Z,1542290400,,,0,-0.3139
2018-11-15T15:00:00Z,1542294000,,,0,0.8016
2018-11-15T16:00:00Z,1542297600,,,0,0.8016
2018-11-15T17:00:00Z,1542301200,,,0,0.7955
2018-11-15T18:00:00Z,1542304800,,,0,-0.3292
2018-11-15T19:00:00Z,1542308400,,,0,-0.3231
2018-11-15T20:00:00Z,1542312000,,,0,-0.2957
2018-11-15T21:00:00Z,1542315600,,,0,-0.2713
2018-11-15T22:00:00Z,1542319200,,,0,-0.256
2018-11-15T23:00:00Z,1542322800,,,0,-0.2316
2018-11-16T01:00:00Z,1542330000,,,0,-0.2195
2018-11-16T02:00:00Z,1542333600,,,0,-0.2256
2018-11-16T03:00:00Z,1542337200,,,0,-0.2195
2018-11-16T04:00:00Z,1542340800,,,0,-0.2103
2018-11-16T05:00:00Z,1542344400,,,0,-0.2195
2018-11-16T06:00:00Z,1542348000,,,0,-0.2103
2018-11-16T07:00:00Z,1542351600,,,0,-0.2012
2018-11-16T08:00:00Z,1542355200,,,0,-0.2012
2018-11-16T09:00:00Z,1542358800,,,0,-0.1829
2018-11-16T10:00:00Z,1542362400,,,0,-0.1859
2018-11-16T11:00:00Z,1542366000,,,0,-0.1981
2018-11-16T12:00:00Z,1542369600,,,0,-0.2164
2018-11-16T13:00:00Z,1542373200,,,0,-0.2225
2018-11-16T14:00:00Z,1542376800,,,0,-0.2377
2018-11-16T15:00:00Z,1542380400,,,0,-0.2408
2018-11-16T16:00:00Z,1542384000,,,0,-0.2621
2018-11-16T17:00:00Z,1542387600,,,0,-0.2774
2018-11-16T18:00:00Z,1542391200,,,0,-0.2804
2018-11-16T19:00:00Z,1542394800,,,0,0.823
2018-11-16T20:00:00Z,1542398400,,,0,-0.2926
2018-11-16T21:00:00Z,1542402000,,,0,-0.2896
2018-11-16T22:00:00Z,1542405600,,,0,-0.2835
2018-11-16T23:00:00Z,1542409200,,,0,-0.2774
2018-11-17T00:00:00Z,1542412800,,,0,-0.2743
2018-11-17T01:00:00Z,1542416400,,,0,-0.253
2018-11-17T02:00:00Z,1542420000,,,0,-0.2438
2018-11-17T03:00:00Z,1542423600,,,0,-0.2408
2018-11-17T04:00:00Z,1542427200,,,0,-0.2438
2018-11-17T05:00:00Z,1542430800,,,0,-0.2286
2018-11-17T06:00:00Z,1542434400,,,0,-0.2134
2018-11-17T07:00:00Z,1542438000,,,0,-0.2042
2018-11-17T08:00:00Z,1542441600,,,0,-0.1829
2018-11-17T09:00:00Z,1542445200,,,0,-0.1646
2018-11-17T10:00:00Z,1542448800,,,0,-0.1524
2018-11-17T11:00:00Z,1542452400,,,0,-0.125
2018-11-17T12:00:00Z,1542456000,,,0,-0.1097
2018-11-17T13:00:00Z,1542459600,,,0,-0.1158
2018-11-17T14:00:00Z,1542463200,,,0,-0.1341
2018-11-17T15:00:00Z,1542466800,,,0,-0.1036
2018-11-17T16:00:00Z,1542470400,,,0,-0.1006
2018-11-17T17:00:00Z,1542474000,,,0,-0.0945
2018-11-17T18:00:00Z,1542477600,,,0,-0.0884
2018-11-17T19:00:00Z,1542481200,,,0,-0.0945
2018-11-17T20:00:00Z,1542484800,,,0,-0.0701
2018-11-17T21:00:00Z,1542488400,,,0,-0.0457
2018-11-17T22:00:00Z,1542492000,,,0,-0.0274
2018-11-17T23:00:00Z,1542495600,,,0,-0.0091
2018-11-18T00:00:00Z,1542499200,,,0,0.0061
2018-11-18T01:00:00Z,1542502800,,,0,0.0152
2018-11-18T02:00:00Z,1542506400,,,0,0.0152
2018-11-18T03:00:00Z,1542510000,,,0,-0.0091
2018-11-18T04:00:00Z,1542513600,,,0,-0.0152
2018-11-18T05:00:00Z,1542517200,,,0,-0.0335
2018-11-18T06:00:00Z,1542520800,,,0,-0.0366
2018-11-18T07:00:00Z,1542524400,,,0,-0.0457
2018-11-18T08:00:00Z,1542528000,,,0,-0.0457
2018-11-18T09:00:00Z,1542531600,,,0,-0.0427
2018-11-18T10:00:00Z,1542535200,,,0,-0.0122
2018-11-18T11:00:00Z,1542538800,,,0,0.0061
2018-11-18T12:00:00Z,1542542400,,,0,0.0091
2018-11-18T13:00:00Z,1542546000,,,0,0.0152
2018-11-18T14:00:00Z,1542549600,,,0,0.0152
2018-11-18T15:00:00Z,1542553200,,,0,0.0061
2018-11-18T16:00:00Z,1542556800,,,0,-0.0244
2018-11-18T17:00:00Z,1542560400,,,0,-0.0457
2018-11-18T18:00:00Z,1542564000,,,0,-0.061
2018-11-18T19:00:00Z,1542567600,,,0,-0.0823
2018-11-18T20:00:00Z,1542571200,,,0,-0.0853
2018-11-18T21:00:00Z,1542574800,,,0,-0.061
2018-11-18T22:00:00Z,1542578400,,,0,-0.0305
2018-11-18T23:00:00Z,1542582000,,,0,-0.0549
2018-11-19T01:00:00Z,1542589200,,,0,-0.0244
2018-11-19T02:00:00Z,1542592800,,,0,-0.0213
2018-11-19T03:00:00Z,1542596400,,,0,-0.0366
2018-11-19T04:00:00Z,1542600000,,,0,-0.0274
2018-11-19T05:00:00Z,1542603600,,,0,-0.0274
2018-11-19T06:00:00Z,1542607200,,,0,-0.0457
2018-11-19T07:00:00Z,1542610800,,,0,-0.0579
2018-11-19T08:00:00Z,1542614400,,,0,-0.0549
2018-11-19T09:00:00Z,1542618000,,,0,-0.0762
2018-11-19T10:00:00Z,1542621600,,,0,-0.0579
2018-11-19T11:00:00Z,1542625200,,,0,-0.0549
2018-11-19T12:00:00Z,1542628800,,,0,-0.0366
2018-11-19T13:00:00Z,1542632400,,,0,-0.0671
2018-11-19T14:00:00Z,1542636000,,,0,-0.061
2018-11-19T15:00:00Z,1542639600,,,0,-0.0518
2018-11-19T16:00:00Z,1542643200,,,0,-0.1006
2018-11-19T17:00:00Z,1542646800,,,0,-0.1067
2018-11-19T18:00:00Z,1542650400,,,0,-0.0244
2018-11-19T19:00:00Z,1542654000,,,0,-0.0366
2018-11-19T20:00:00Z,1542657600,,,0,-0.0945
2018-11-19T21:00:00Z,1542661200,,,0,-0.0792
2018-11-19T22:00:00Z,1542664800,,,0,-0.0579
2018-11-19T23:00:00Z,1542668400,,,0,-0.0396
2018-11-20T00:00:00Z,1542672000,,,0,0.0396
2018-11-20T01:00:00Z,1542675600,,,0,0.0518
2018-11-20T02:00:00Z,1542679200,,,0,0.064
2018-11-20T03:00:00Z,1542682800,,,0,0.0762
2018-11-20T04:00:00Z,1542686400,,,0,0.064
2018-11-20T05:00:00Z,1542690000,,,0,0.0518
2018-11-20T06:00:00Z,1542693600,,,0,0.0244
2018-11-20T07:00:00Z,1542697200,,,0,0.003
2018-11-20T08:00:00Z,1542700800,,,0,-0.0091
2018-11-20T09:00:00Z,1542704400,,,0,-0.0152
2018-11-20T10:00:00Z,1542708000,,,0,-0.0213
2018-11-20T11:00:00Z,1542711600,,,0,-0.0183
2018-11-20T12:00:00Z,1542715200,,,0,0.003
2018-11-20T13:00:00Z,1542718800,,,0,-0.003
2018-11-20T14:00:00Z,1542722400,,,0,-0.0274
2018-11-20T15:00:00Z,1542726000,,,0,0.0884
2018-11-20T16:00:00Z,1542729600,,,0,0.0579
2018-11-20T17:00:00Z,1542733200,,,0,-0.0335
2018-11-20T18:00:00Z,1542736800,,,0,-0.0396
2018-11-20T19:00:00Z,1542740400,,,0,-0.0335
2018-11-20T20:00:00Z,1542744000,,,0,-0.0274
2018-11-20T21:00:00Z,1542747600,,,0,-0.0274
2018-11-20T22:00:00Z,1542751200,,,0,-0.0122
2018-11-20T23:00:00Z,1542754800,,,0,0.0183
2018-11-21T00:00:00Z,1542758400,,,0,0.0549
2018-11-21T01:00:00Z,1542762000,,,0,0.0853
2018-11-21T02:00:00Z,1542765600,,,0,0.1158
2018-11-21T03:00:00Z,1542769200,,,0,0.1463
2018-11-21T04:00:00Z,1542772800,,,0,0.1646
2018-11-21T05:00:00Z,1542776400,,,0,0.1402
2018-11-21T06:00:00Z,1542780000,,,0,0.0975
2018-11-21T07:00:00Z,1542783600,,,0,0.0335
2018-11-21T08:00:00Z,1542787200,,,0,0.0152
2018-11-21T09:00:00Z,1542790800,,,0,-0.003
2018-11-21T10:00:00Z,1542794400,,,0,-0.0122
2018-11-21T11:00:00Z,1542798000,,,0,-0.0244
2018-11-21T12:00:00Z,1542801600,,,0,-0.0152
2018-11-21T13:00:00Z,1542805200,,,0,0.0061
2018-11-21T14:00:00Z,1542808800,,,0,-0.003
2018-11-21T15:00:00Z,1542812400,,,0,-0.0091
2018-11-21T16:00:00Z,1542816000,,,0,-0.0183
2018-11-21T17:00:00Z,1542819600,,,0,-0.0396
2018-11-21T18:00:00Z,1542823200,,,0,-0.0701
2018-11-21T19:00:00Z,1542826800,,,0,-0.0945
2018-11-21T20:00:00Z,1542830400,,,0,-0.125
2018-11-21T21:00:00Z,1542834000,,,0,-0.1341
2018-11-21T22:00:00Z,1542837600,,,0,-0.1463
2018-11-21T23:00:00Z,1542841200,,,0,-0.1524
2018-11-22T01:00:00Z,1542848400,,,0,-0.1158
2018-11-22T02:00:00Z,1542852000,,,0,-0.0762
2018-11-22T03:00:00Z,1542855600,,,0,-0.0518
2018-11-22T05:00:00Z,1542862800,,,0,-0.0671
2018-11-22T07:00:00Z,1542870000,,,0,-0.0975
2018-11-22T08:00:00Z,1542873600,,,0,-0.1067
2018-11-22T09:00:00Z,1542877200,,,0,-0.1219
2018-11-22T10:00:00Z,1542880800,,,0,-0.1311
2018-11-22T12:00:00Z,1542888000,,,0,-0.1433
2018-11-22T13:00:00Z,1542891600,,,0,-0.1433
2018-11-22T14:00:00Z,1542895200,,,0,-0.125
2018-11-22T16:00:00Z,1542902400,,,0,-0.0914
2018-11-22T17:00:00Z,1542906000,,,0,-0.1036
2018-11-22T18:00:00Z,1542909600,,,0,-0.1006
2018-11-22T19:00:00Z,1542913200,,,0,-0.1158
2018-11-22T20:00:00Z,1542916800,,,0,-0.1067
2018-11-22T21:00:00Z,1542920400,,,0,-0.1158
2018-11-22T22:00:00Z,1542924000,,,0,-0.1128
2018-11-22T23:00:00Z,1542927600,,,0,-0.1036
2018-11-23T01:00:00Z,1542934800,,,0,-0.0244
2018-11-23T02:00:00Z,1542938400,,,0,0.0061
2018-11-23T05:00:00Z,1542949200,,,0,0.0579
2018-11-23T06:00:00Z,1542952800,,,0,0.0518
2018-11-23T07:00:00Z,1542956400,,,0,0.0213
2018-11-23T08:00:00Z,1542960000,,,0,-0.0213
2018-11-23T09:00:00Z,1542963600,,,0,-0.0457
2018-11-23T10:00:00Z,1542967200,,,0,-0.0671
2018-11-23T11:00:00Z,1542970800,,,0,-0.0914
2018-11-23T12:00:00Z,1542974400,,,0,-0.1158
2018-11-23T13:00:00Z,1542978000,,,0,-0.1189
2018-11-23T15:00:00Z,1542985200,,,0,-0.0945
2018-11-23T16:00:00Z,1542988800,,,0,-0.0671
2018-11-23T17:00:00Z,1542992400,,,0,-0.0579
2018-11-23T18:00:00Z,1542996000,,,0,-0.064
2018-11-23T19:00:00Z,1542999600,,,0,-0.0914
2018-11-23T20:00:00Z,1543003200,,,0,-0.1036
2018-11-23T21:00:00Z,1543006800,,,0,0.9601
2018-11-24T00:00:00Z,1543017600,,,0,-0.1311
2018-11-24T01:00:00Z,1543021200,,,0,-0.1219
2018-11-24T02:00:00Z,1543024800,,,0,-0.1006
2018-11-24T03:00:00Z,1543028400,,,0,-0.0732
2018-11-24T04:00:00Z,1543032000,,,0,1.0058
2018-11-24T05:00:00Z,1543035600,,,0,-0.0396
2018-11-24T06:00:00Z,1543039200,,,0,-0.0427
2018-11-24T07:00:00Z,1543042800,,,0,-0.0701
2018-11-24T08:00:00Z,1543046400,,,0,-0.1006
2018-11-24T09:00:00Z,1543050000,,,0,-0.1311
2018-11-24T10:00:00Z,1543053600,,,0,4.1544
2018-11-24T11:00:00Z,1543057200,,,0,4.1483
2018-11-24T12:00:00Z,1543060800,,,0,4.1544
2018-11-24T13:00:00Z,1543064400,,,0,4.1483
2018-11-24T14:00:00Z,1543068000,,,0,4.1483
2018-11-24T15:00:00Z,1543071600,,,0,4.1483
2018-11-24T16:00:00Z,1543075200,,,0,4.1483
2018-11-24T17:00:00Z,1543078800,,,0,4.1483
2018-11-24T18:00:00Z,1543082400,,,0,4.1483
2018-11-24T19:00:00Z,1543086000,,,0,4.1483
2018-11-24T20:00:00Z,1543089600,,,0,-0.1036
2018-11-24T21:00:00Z,1543093200,,,0,-0.1707
2018-11-24T22:00:00Z,1543096800,,,0,-0.2103
2018-11-24T23:00:00Z,1543100400,,,0,0.8656
2018-11-25T01:00:00Z,1543107600,,,0,-0.253
2018-11-25T02:00:00Z,1543111200,,,0,-0.3078
2018-11-25T03:00:00Z,1543114800,,,0,0.8169
2018-11-25T04:00:00Z,1543118400,,,0,-0.2957
2018-11-25T05:00:00Z,1543122000,,,0,-0.2774
2018-11-25T06:00:00Z,1543125600,,,0,-0.2743
2018-11-25T07:00:00Z,1543129200,,,0,-0.2804
2018-11-25T08:00:00Z,1543132800,,,0,0.8199
2018-11-25T09:00:00Z,1543136400,,,0,0.7955
2018-11-25T10:00:00Z,1543140000,,,0,-0.3444
2018-11-25T11:00:00Z,1543143600,,,0,-0.3627
2018-11-25T12:00:00Z,1543147200,,,0,-0.378
2018-11-25T13:00:00Z,1543150800,,,0,0.7468
2018-11-25T14:00:00Z,1543154400,,,0,-0.4023
2018-11-25T15:00:00Z,1543158000,,,0,-0.3962
2018-11-25T16:00:00Z,1543161600,,,0,-0.384
2018-11-25T17:00:00Z,1543165200,,,0,0.759
2018-11-25T18:00:00Z,1543168800,,,0,-0.3566
2018-11-25T19:00:00Z,1543172400,,,0,-0.3627
2018-11-25T20:00:00Z,1543176000,,,0,0.7711
2018-11-25T21:00:00Z,1543179600,,,0,-0.3749
2018-11-25T22:00:00Z,1543183200,,,0,-0.4328
2018-11-26T00:00:00Z,1543190400,,,0,-0.4145
2018-11-26T01:00:00Z,1543194000,,,0,-0.32
2018-11-26T02:00:00Z,1543197600,,,0,0.8321
2018-11-26T03:00:00Z,1543201200,,,0,0.8473
2018-11-26T04:00:00Z,1543204800,,,0,-0.1981
2018-11-26T05:00:00Z,1543208400,,,0,-0.1524
2018-11-26T06:00:00Z,1543212000,,,0,-0.1585
2018-11-26T07:00:00Z,1543215600,,,0,-0.1585
2018-11-26T08:00:00Z,1543219200,,,0,-0.1585
2018-11-26T09:00:00Z,1543222800,,,0,-0.1859
2018-11-26T10:00:00Z,1543226400,,,0,-0.1097
2018-11-26T11:00:00Z,1543230000,,,0,-0.1158
2018-11-26T12:00:00Z,1543233600,,,0,-0.1189
2018-11-26T13:00:00Z,1543237200,,,0,-0.1402
2018-11-26T14:00:00Z,1543240800,,,0,-0.1372
2018-11-26T15:00:00Z,1543244400,,,0,4.1178
2018-11-26T16:00:00Z,1543248000,,,0,-0.2164
2018-11-26T17:00:00Z,1543251600,,,0,-0.2286
2018-11-26T18:00:00Z,1543255200,,,0,-0.2499
2018-11-26T19:00:00Z,1543258800,,,0,-0.2713
2018-11-26T20:00:00Z,1543262400,,,0,-0.2804
2018-11-26T21:00:00Z,1543266000,,,0,-0.2896
2018-11-26T22:00:00Z,1543269600,,,0,-0.317
2018-11-26T23:00:00Z,1543273200,,,0,-0.3505
2018-11-27T00:00:00Z,1543276800,,,0,-0.381
2018-11-27T01:00:00Z,1543280400,,,0,-0.3932
2018-11-27T02:00:00Z,1543284000,,,0,-0.4054
2018-11-27T03:00:00Z,1543287600,,,0,-0.4176
2018-11-27T04:00:00Z,1543291200,,,0,-0.4054
2018-11-27T05:00:00Z,1543294800,,,0,-0.3901
2018-11-27T06:00:00Z,1543298400,,,0,-0.3932
2018-11-27T07:00:00Z,1543302000,,,0,-0.3871
2018-11-27T08:00:00Z,1543305600,,,0,-0.3719
2018-11-27T09:00:00Z,1543309200,,,0,-0.3749
2018-11-27T10:00:00Z,1543312800,,,0,-0.381
2018-11-27T11:00:00Z,1543316400,,,0,-0.3932
2018-11-27T12:00:00Z,1543320000,,,0,-0.4084
2018-11-27T13:00:00Z,1543323600,,,0,-0.4206
2018-11-27T14:00:00Z,1543327200,,,0,-0.4237
2018-11-27T15:00:00Z,1543330800,,,0,-0.4389
2018-11-27T16:00:00Z,1543334400,,,0,-0.4359
2018-11-27T17:00:00Z,1543338000,,,0,-0.3962
2018-11-27T18:00:00Z,1543341600,,,0,-0.3627
2018-11-27T19:00:00Z,1543345200,,,0,-0.3414
2018-11-27T20:00:00Z,1543348800,,,0,-0.3109
2018-11-27T21:00:00Z,1543352400,,,0,-0.2926
2018-11-27T22:00:00Z,1543356000,,,0,-0.2835
2018-11-27T23:00:00Z,1543359600,,,0,-0.2835
2018-11-28T01:00:00Z,1543366800,,,0,-0.2987
2018-11-28T02:00:00Z,1543370400,,,0,-0.2896
2018-11-28T03:00:00Z,1543374000,,,0,-0.2774
2018-11-28T04:00:00Z,1543377600,,,0,0.4968
2018-11-28T05:00:00Z,1543381200,,,0,-0.2103
2018-11-28T06:00:00Z,1543384800,,,0,-0.1859
2018-11-28T07:00:00Z,1543388400,,,0,-0.1554
2018-11-28T08:00:00Z,1543392000,,,0,-0.1402
2018-11-28T09:00:00Z,1543395600,,,0,-0.128
2018-11-28T10:00:00Z,1543399200,,,0,-0.1372
2018-11-28T11:00:00Z,1543402800,,,0,-0.1768
2018-11-28T12:00:00Z,1543406400,,,0,-0.1981
2018-11-28T13:00:00Z,1543410000,,,0,-0.2195
2018-11-28T14:00:00Z,1543413600,,,0,-0.2286
2018-11-28T15:00:00Z,1543417200,,,0,-0.2286
2018-11-28T16:00:00Z,1543420800,,,0,-0.2347
2018-11-28T17:00:00Z,1543424400,,,0,-0.2134
2018-11-28T18:00:00Z,1543428000,,,0,-0.1737
2018-11-28T19:00:00Z,1543431600,,,0,-0.1494
2018-11-28T20:00:00Z,1543435200,,,0,-0.1311
2018-11-28T21:00:00Z,1543438800,,,0,-0.1128
2018-11-28T22:00:00Z,1543442400,,,0,-0.1067
2018-11-28T23:00:00Z,1543446000,,,0,-0.1006
2018-11-29T00:00:00Z,1543449600,,,0,-0.1158
2018-11-29T01:00:00Z,1543453200,,,0,-0.1372
2018-11-29T02:00:00Z,1543456800,,,0,-0.125
2018-11-29T03:00:00Z,1543460400,,,0,-0.1097
2018-11-29T04:00:00Z,1543464000,,,0,-0.1006
2018-11-29T05:00:00Z,1543467600,,,0,-0.0884
2018-11-29T06:00:00Z,1543471200,,,0,-0.061
2018-11-29T07:00:00Z,1543474800,,,0,-0.0274
2018-11-29T08:00:00Z,1543478400,,,0,0.0122
2018-11-29T09:00:00Z,1543482000,,,0,0.0305
2018-11-29T10:00:00Z,1543485600,,,0,0.0305
2018-11-29T11:00:00Z,1543489200,,,0,0.0671
2018-11-29T12:00:00Z,1543492800,,,0,0.0701
2018-11-29T13:00:00Z,1543496400,,,0,0.0366
2018-11-29T14:00:00Z,1543500000,,,0,0.0183
2018-11-29T15:00:00Z,1543503600,,,0,0.003
2018-11-29T16:00:00Z,1543507200,,,0,-0.0335
2018-11-29T17:00:00Z,1543510800,,,0,0.0061
2018-11-29T18:00:00Z,1543514400,,,0,0.0305
2018-11-29T19:00:00Z,1543518000,,,0,0.0701
2018-11-29T20:00:00Z,1543521600,,,0,0.1158
2018-11-29T21:00:00Z,1543525200,,,0,0.1463
2018-11-29T22:00:00Z,1543528800,,,0,0.1829
2018-11-29T23:00:00Z,1543532400,,,0,0.2103
2018-11-30T00:00:00Z,1543536000,,,0,0.2103
2018-11-30T01:00:00Z,1543539600,,,0,0.1494
2018-11-30T02:00:00Z,1543543200,,,0,0.1158
2018-11-30T03:00:00Z,1543546800,,,0,0.1067
2018-11-30T04:00:00Z,1543550400,,,0,0.0884
2018-11-30T05:00:00Z,1543554000,,,0,0.0884
2018-11-30T06:00:00Z,1543557600,,,0,0.0823
2018-11-30T07:00:00Z,1543561200,,,0,0.0945
2018-11-30T08:00:00Z,1543564800,,,0,0.1219
2018-11-30T09:00:00Z,1543568400,,,0,0.1494
2018-11-30T10:00:00Z,1543572000,,,0,0.1859
2018-11-30T11:00:00Z,1543575600,,,0,0.2073
2018-11-30T12:00:00Z,1543579200,,,0,0.1768
2018-11-30T13:00:00Z,1543582800,,,0,0.2012
2018-11-30T14:00:00Z,1543586400,,,0,0.1737
2018-11-30T15:00:00Z,1543590000,,,0,1.1643
2018-11-30T16:00:00Z,1543593600,,,0,0.1341
2018-11-30T17:00:00Z,1543597200,,,0,0.1097
2018-11-30T18:00:00Z,1543600800,,,0,0.0884
2018-11-30T19:00:00Z,1543604400,,,0,0.0274
2018-11-30T20:00:00Z,1543608000,,,0,0.0305
2018-11-30T22:00:00Z,1543615200,,,0,0.0274
2018-11-30T23:00:00Z,1543618800,,,0,-0.0274
